year|page|table_number|row_number|source_title|source_url|table_column_1|table_column_2|table_column_3|table_column_4|table_column_5|table_column_6|table_column_7|table_column_8
2023|2|1|1|Approved Budget 2023|https://www.mufuliracouncil.gov.zm/wp-content/uploads/2025/12/Approved-Budget-2023.pdf|CODE|REVENUE DESCRIPTION|APPROVED BUDGET 2022|||REVISED BUDGET 2023||BUDGET ESTIMATE 2024
2023|2|1|2|Approved Budget 2023|https://www.mufuliracouncil.gov.zm/wp-content/uploads/2025/12/Approved-Budget-2023.pdf|01|Local taxes/rates||||||
2023|2|1|3|Approved Budget 2023|https://www.mufuliracouncil.gov.zm/wp-content/uploads/2025/12/Approved-Budget-2023.pdf|001|Residential|7,730,999|||8,364,941||8,975,582 8,671,504 32,695,660
2023|2|1|4|Approved Budget 2023|https://www.mufuliracouncil.gov.zm/wp-content/uploads/2025/12/Approved-Budget-2023.pdf|002|Industrial/Commercial|7,469,086|||8,081,551||
2023|2|1|5|Approved Budget 2023|https://www.mufuliracouncil.gov.zm/wp-content/uploads/2025/12/Approved-Budget-2023.pdf|003|Mining/Plant|28,161,976|||30,471,258||
2023|2|1|6|Approved Budget 2023|https://www.mufuliracouncil.gov.zm/wp-content/uploads/2025/12/Approved-Budget-2023.pdf||SubItem Total||43,362,061||46,917,750||50,342,746
2023|2|1|7|Approved Budget 2023|https://www.mufuliracouncil.gov.zm/wp-content/uploads/2025/12/Approved-Budget-2023.pdf|001|Personal levy|190,005|||205,585||220,593
2023|2|1|8|Approved Budget 2023|https://www.mufuliracouncil.gov.zm/wp-content/uploads/2025/12/Approved-Budget-2023.pdf||SubItem Total||190,005||205,585||220,593
2023|2|1|9|Approved Budget 2023|https://www.mufuliracouncil.gov.zm/wp-content/uploads/2025/12/Approved-Budget-2023.pdf|CODE|REVENUE DESCRIPTION|APPROVED BUDGET 2022|||REVISED BUDGET 2023||BUDGET ESTIMATE 2024
2023|2|1|10|Approved Budget 2023|https://www.mufuliracouncil.gov.zm/wp-content/uploads/2025/12/Approved-Budget-2023.pdf|02|Fees and Charges||||||
2023|2|1|11|Approved Budget 2023|https://www.mufuliracouncil.gov.zm/wp-content/uploads/2025/12/Approved-Budget-2023.pdf|001|Consent fees|49,000|||53,018||56,888 34,481 491,678 640,284 19,375 643,297 296,033 129,566 17,299 699,379 813 1,122,540 40,653 527,041 48,587 63,274 4,644 51,316 15,813 199,690 32,043 116,099 198,529 179,372 204,566 592,104 14,280 5,480,097
2023|2|1|12|Approved Budget 2023|https://www.mufuliracouncil.gov.zm/wp-content/uploads/2025/12/Approved-Budget-2023.pdf|002|Survey fees|29,700|||32,135||
2023|2|1|13|Approved Budget 2023|https://www.mufuliracouncil.gov.zm/wp-content/uploads/2025/12/Approved-Budget-2023.pdf|003|Building inspection-fees|423,500|||458,227||
2023|2|1|14|Approved Budget 2023|https://www.mufuliracouncil.gov.zm/wp-content/uploads/2025/12/Approved-Budget-2023.pdf|004|Plan scrutiny fee|551,500|||596,723||
2023|2|1|15|Approved Budget 2023|https://www.mufuliracouncil.gov.zm/wp-content/uploads/2025/12/Approved-Budget-2023.pdf|005|Change of premise use|16,550|||17,907||
2023|2|1|16|Approved Budget 2023|https://www.mufuliracouncil.gov.zm/wp-content/uploads/2025/12/Approved-Budget-2023.pdf|007|Rentals/lease of Council’s properties|586,990|||635,123||
2023|2|1|17|Approved Budget 2023|https://www.mufuliracouncil.gov.zm/wp-content/uploads/2025/12/Approved-Budget-2023.pdf|008|Application forms fees|255,096|||276,014||
2023|2|1|18|Approved Budget 2023|https://www.mufuliracouncil.gov.zm/wp-content/uploads/2025/12/Approved-Budget-2023.pdf|009|Rentals from houses|111,600|||120,751||
2023|2|1|19|Approved Budget 2023|https://www.mufuliracouncil.gov.zm/wp-content/uploads/2025/12/Approved-Budget-2023.pdf|010|Sketch plan|14,900|||16,122||
2023|2|1|20|Approved Budget 2023|https://www.mufuliracouncil.gov.zm/wp-content/uploads/2025/12/Approved-Budget-2023.pdf|011|Search fees|602,400|||651,797||
2023|2|1|21|Approved Budget 2023|https://www.mufuliracouncil.gov.zm/wp-content/uploads/2025/12/Approved-Budget-2023.pdf|012|Notice board advert fees|700|||757||
2023|2|1|22|Approved Budget 2023|https://www.mufuliracouncil.gov.zm/wp-content/uploads/2025/12/Approved-Budget-2023.pdf|013|Market fees|966,885|||1,046,170||
2023|2|1|23|Approved Budget 2023|https://www.mufuliracouncil.gov.zm/wp-content/uploads/2025/12/Approved-Budget-2023.pdf|014|Parking fees|35,016|||37,887||
2023|2|1|24|Approved Budget 2023|https://www.mufuliracouncil.gov.zm/wp-content/uploads/2025/12/Approved-Budget-2023.pdf|016|Bus station fees|453,960|||491,185||
2023|2|1|25|Approved Budget 2023|https://www.mufuliracouncil.gov.zm/wp-content/uploads/2025/12/Approved-Budget-2023.pdf|017|Affidavit fees|41,850|||45,282||
2023|2|1|26|Approved Budget 2023|https://www.mufuliracouncil.gov.zm/wp-content/uploads/2025/12/Approved-Budget-2023.pdf|020|Hire of halls|54,500|||58,969||
2023|2|1|27|Approved Budget 2023|https://www.mufuliracouncil.gov.zm/wp-content/uploads/2025/12/Approved-Budget-2023.pdf|030|Course fees|4,000|||4,328||
2023|2|1|28|Approved Budget 2023|https://www.mufuliracouncil.gov.zm/wp-content/uploads/2025/12/Approved-Budget-2023.pdf|033|Refuse disposal|44,200|||47,824||
2023|2|1|29|Approved Budget 2023|https://www.mufuliracouncil.gov.zm/wp-content/uploads/2025/12/Approved-Budget-2023.pdf|038|Library membership fees|13,620|||14,737||
2023|2|1|30|Approved Budget 2023|https://www.mufuliracouncil.gov.zm/wp-content/uploads/2025/12/Approved-Budget-2023.pdf|045|Notice of marriage fees|172,000|||186,104||
2023|2|1|31|Approved Budget 2023|https://www.mufuliracouncil.gov.zm/wp-content/uploads/2025/12/Approved-Budget-2023.pdf|046|Abattoir/meat inspection fees|27,600|||29,863||
2023|2|1|32|Approved Budget 2023|https://www.mufuliracouncil.gov.zm/wp-content/uploads/2025/12/Approved-Budget-2023.pdf|047|Registration of clubs and societies|100,000|||108,200||
2023|2|1|33|Approved Budget 2023|https://www.mufuliracouncil.gov.zm/wp-content/uploads/2025/12/Approved-Budget-2023.pdf|053|Communication mast levy|171,000|||185,022||
2023|2|1|34|Approved Budget 2023|https://www.mufuliracouncil.gov.zm/wp-content/uploads/2025/12/Approved-Budget-2023.pdf|061|Billboards and banners|154,500|||167,169||
2023|2|1|35|Approved Budget 2023|https://www.mufuliracouncil.gov.zm/wp-content/uploads/2025/12/Approved-Budget-2023.pdf|062|Lease of council transport|176,200|||190,648||
2023|2|1|36|Approved Budget 2023|https://www.mufuliracouncil.gov.zm/wp-content/uploads/2025/12/Approved-Budget-2023.pdf|064|Penalties|510,000|||551,821||
2023|2|1|37|Approved Budget 2023|https://www.mufuliracouncil.gov.zm/wp-content/uploads/2025/12/Approved-Budget-2023.pdf|070|Dog Collar Fee|12,300|||13,309||
2023|2|1|38|Approved Budget 2023|https://www.mufuliracouncil.gov.zm/wp-content/uploads/2025/12/Approved-Budget-2023.pdf|099|Other fees and charges|4,770,664|||5,132,046||
2023|2|1|39|Approved Budget 2023|https://www.mufuliracouncil.gov.zm/wp-content/uploads/2025/12/Approved-Budget-2023.pdf||SubItem Total||10,350,231||11,169,139||11,919,739
2023|3|2|1|Approved Budget 2023|https://www.mufuliracouncil.gov.zm/wp-content/uploads/2025/12/Approved-Budget-2023.pdf|CODE|REVENUE DESCRIPTION|APPROVED BUDGET 2022|||REVISED BUDGET 2023||BUDGET ESTIMATE 2024
2023|3|2|2|Approved Budget 2023|https://www.mufuliracouncil.gov.zm/wp-content/uploads/2025/12/Approved-Budget-2023.pdf|03|Licenses||||||
2023|3|2|3|Approved Budget 2023|https://www.mufuliracouncil.gov.zm/wp-content/uploads/2025/12/Approved-Budget-2023.pdf|001|Liquor licence|72,000|||77,904||83,591 87,074 412,731 212,809 242,810
2023|3|2|4|Approved Budget 2023|https://www.mufuliracouncil.gov.zm/wp-content/uploads/2025/12/Approved-Budget-2023.pdf|002|Firearm and ammunition licence|75,000|||81,150||
2023|3|2|5|Approved Budget 2023|https://www.mufuliracouncil.gov.zm/wp-content/uploads/2025/12/Approved-Budget-2023.pdf|055|Ocupancy licence|355,500|||384,651||
2023|3|2|6|Approved Budget 2023|https://www.mufuliracouncil.gov.zm/wp-content/uploads/2025/12/Approved-Budget-2023.pdf|061|Restaurant licence|183,300|||198,331||
2023|3|2|7|Approved Budget 2023|https://www.mufuliracouncil.gov.zm/wp-content/uploads/2025/12/Approved-Budget-2023.pdf|099|Other licences|226,100|||234,669||
2023|3|2|8|Approved Budget 2023|https://www.mufuliracouncil.gov.zm/wp-content/uploads/2025/12/Approved-Budget-2023.pdf||SubItem Total||911,900||976,705||1,039,014
2023|3|2|9|Approved Budget 2023|https://www.mufuliracouncil.gov.zm/wp-content/uploads/2025/12/Approved-Budget-2023.pdf|CODE|REVENUE DESCRIPTION|APPROVED BUDGET 2022|||REVISED BUDGET 2023||BUDGET ESTIMATE 2024
2023|3|2|10|Approved Budget 2023|https://www.mufuliracouncil.gov.zm/wp-content/uploads/2025/12/Approved-Budget-2023.pdf|04|Levies||||||
2023|3|2|11|Approved Budget 2023|https://www.mufuliracouncil.gov.zm/wp-content/uploads/2025/12/Approved-Budget-2023.pdf|004|Pole levy|211,800|||229,168||245,897 1,044,887
2023|3|2|12|Approved Budget 2023|https://www.mufuliracouncil.gov.zm/wp-content/uploads/2025/12/Approved-Budget-2023.pdf|010|Business Levy|900,000|||973,800||
2023|3|2|13|Approved Budget 2023|https://www.mufuliracouncil.gov.zm/wp-content/uploads/2025/12/Approved-Budget-2023.pdf||SubItem Total||1,111,800||1,202,968||1,290,784
2023|3|2|14|Approved Budget 2023|https://www.mufuliracouncil.gov.zm/wp-content/uploads/2025/12/Approved-Budget-2023.pdf|CODE|REVENUE DESCRIPTION|APPROVED BUDGET 2022|||REVISED BUDGET 2023||BUDGET ESTIMATE 2024
2023|3|2|15|Approved Budget 2023|https://www.mufuliracouncil.gov.zm/wp-content/uploads/2025/12/Approved-Budget-2023.pdf|05|Permits||||||
2023|3|2|16|Approved Budget 2023|https://www.mufuliracouncil.gov.zm/wp-content/uploads/2025/12/Approved-Budget-2023.pdf|001|Health permits|579,100|||626,586||672,327 22,059 381,082 1,073,854 197,217
2023|3|2|17|Approved Budget 2023|https://www.mufuliracouncil.gov.zm/wp-content/uploads/2025/12/Approved-Budget-2023.pdf|007|Nursery , pre school permits|19,000|||20,558||
2023|3|2|18|Approved Budget 2023|https://www.mufuliracouncil.gov.zm/wp-content/uploads/2025/12/Approved-Budget-2023.pdf|008|Burial permits and grave sites|328,240|||355,156||
2023|3|2|19|Approved Budget 2023|https://www.mufuliracouncil.gov.zm/wp-content/uploads/2025/12/Approved-Budget-2023.pdf|009|Fire certificate|924,950|||1,000,796||
2023|3|2|20|Approved Budget 2023|https://www.mufuliracouncil.gov.zm/wp-content/uploads/2025/12/Approved-Budget-2023.pdf|099|Other permits|170,000|||183,940||
2023|3|2|21|Approved Budget 2023|https://www.mufuliracouncil.gov.zm/wp-content/uploads/2025/12/Approved-Budget-2023.pdf||SubItem Total||2,021,290||2,187,036||2,346,539
2023|3|2|22|Approved Budget 2023|https://www.mufuliracouncil.gov.zm/wp-content/uploads/2025/12/Approved-Budget-2023.pdf|CODE|REVENUE DESCRIPTION|APPROVED BUDGET 2022|||REVISED BUDGET 2023||BUDGET ESTIMATE 2024
2023|3|2|23|Approved Budget 2023|https://www.mufuliracouncil.gov.zm/wp-content/uploads/2025/12/Approved-Budget-2023.pdf|06|Charges||||||
2023|3|2|24|Approved Budget 2023|https://www.mufuliracouncil.gov.zm/wp-content/uploads/2025/12/Approved-Budget-2023.pdf|003|Premium Plot- Residential|1,497,500|||1,620,295||1,738,577 383,125 1,165,049
2023|3|2|25|Approved Budget 2023|https://www.mufuliracouncil.gov.zm/wp-content/uploads/2025/12/Approved-Budget-2023.pdf|004|Premium Plot – Commercial|330,000|||357,060||
2023|3|2|26|Approved Budget 2023|https://www.mufuliracouncil.gov.zm/wp-content/uploads/2025/12/Approved-Budget-2023.pdf|099|Other charges|1,003,500|||1,085,787||
2023|3|2|27|Approved Budget 2023|https://www.mufuliracouncil.gov.zm/wp-content/uploads/2025/12/Approved-Budget-2023.pdf||SubItem Total||2,831,000||3,063,142||3,286,751
2023|3|2|28|Approved Budget 2023|https://www.mufuliracouncil.gov.zm/wp-content/uploads/2025/12/Approved-Budget-2023.pdf|CODE|REVENUE DESCRIPTION|APPROVED BUDGET 2022|||REVISED BUDGET 2023||BUDGET ESTIMATE 2024
2023|3|2|29|Approved Budget 2023|https://www.mufuliracouncil.gov.zm/wp-content/uploads/2025/12/Approved-Budget-2023.pdf|08|National Support (Grants)||||||
2023|3|2|30|Approved Budget 2023|https://www.mufuliracouncil.gov.zm/wp-content/uploads/2025/12/Approved-Budget-2023.pdf|003|Recurrent Grant|11,519,010|||12,463,569||13,373,409
2023|3|2|31|Approved Budget 2023|https://www.mufuliracouncil.gov.zm/wp-content/uploads/2025/12/Approved-Budget-2023.pdf||SubItem Total||11,519,010||12,463,569||13,373,409
2023|3|2|32|Approved Budget 2023|https://www.mufuliracouncil.gov.zm/wp-content/uploads/2025/12/Approved-Budget-2023.pdf|CODE|REVENUE DESCRIPTION|APPROVED BUDGET 2022|||REVISED BUDGET 2023||BUDGET ESTIMATE 2024
2023|3|2|33|Approved Budget 2023|https://www.mufuliracouncil.gov.zm/wp-content/uploads/2025/12/Approved-Budget-2023.pdf|09|Local Development Fund||||||
2023|3|2|34|Approved Budget 2023|https://www.mufuliracouncil.gov.zm/wp-content/uploads/2025/12/Approved-Budget-2023.pdf|001|Constituency Development Fund|84,900,000|||91,861,800||98,567,711
2023|3|2|35|Approved Budget 2023|https://www.mufuliracouncil.gov.zm/wp-content/uploads/2025/12/Approved-Budget-2023.pdf||SubItem Total||84,900,000||91,861,800||98,567,711
2023|4|3|1|Approved Budget 2023|https://www.mufuliracouncil.gov.zm/wp-content/uploads/2025/12/Approved-Budget-2023.pdf|Grand Total|157,197,296|170,047,693|182,387,287||||
2023|4|4|1|Approved Budget 2023|https://www.mufuliracouncil.gov.zm/wp-content/uploads/2025/12/Approved-Budget-2023.pdf|Code|Programme|2021 Approved Budget(K)|2022 Approved Budget(K)|2023 Budget(K) Estimates|||
2023|4|4|2|Approved Budget 2023|https://www.mufuliracouncil.gov.zm/wp-content/uploads/2025/12/Approved-Budget-2023.pdf|1 2 3 5 6 7 8 10 11 12|Constituency Development Local Governance Integrated Development Planning Public Health and Environmental Protection Housing and Community Amenities Recreation Culture and Religion Education and Skills Development Public Order and Safety Management and Support Services Resource Mobilisation and Management|- - - - - - - - - -|77,100,000 2,393,005 2,083,650 4,686,187 10,865,044 2,143,931 348,986 1,903,334 47,259,004 5,748,464|84,900,000 1,934,160 1,086,695 3,543,415 13,298,171 2,131,611 233,620 1,683,722 44,568,645 3,817,257|||
2023|4|4|3|Approved Budget 2023|https://www.mufuliracouncil.gov.zm/wp-content/uploads/2025/12/Approved-Budget-2023.pdf||Head Total|-|154,531,604|157,197,296|||
2023|7|5|1|Approved Budget 2023|https://www.mufuliracouncil.gov.zm/wp-content/uploads/2025/12/Approved-Budget-2023.pdf|No|ECONOMIC CLASSIFICATION|2021 APPROVED BUDGET (K)|2022 APPROVED BUDGET (K)|2023 BUDGET ESTIMATE (K)|||
2023|7|5|2|Approved Budget 2023|https://www.mufuliracouncil.gov.zm/wp-content/uploads/2025/12/Approved-Budget-2023.pdf|21 22 24 31|Personal Emoluments Goods and Services Financial Charges Assets|- - (0) -|34,130,195 111,216,537 - 9,184,872|41,537,887 105,204,414 - 10,454,994|||
2023|7|5|3|Approved Budget 2023|https://www.mufuliracouncil.gov.zm/wp-content/uploads/2025/12/Approved-Budget-2023.pdf||Head Total|-|154,531,604|157,197,296|||
2023|8|6|1|Approved Budget 2023|https://www.mufuliracouncil.gov.zm/wp-content/uploads/2025/12/Approved-Budget-2023.pdf|PROGRAMME/SUB-PROGRAMME|2021 BUDGET||2022 BUDGET||2023 BUDGET ESTIMATE||
2023|8|6|2|Approved Budget 2023|https://www.mufuliracouncil.gov.zm/wp-content/uploads/2025/12/Approved-Budget-2023.pdf||APPROVED|EXPENDITURE|APPROVED|EXPENDITURE*|||
2023|8|6|3|Approved Budget 2023|https://www.mufuliracouncil.gov.zm/wp-content/uploads/2025/12/Approved-Budget-2023.pdf|||-||-|||
2023|8|6|4|Approved Budget 2023|https://www.mufuliracouncil.gov.zm/wp-content/uploads/2025/12/Approved-Budget-2023.pdf|||-||-|||
2023|8|6|5|Approved Budget 2023|https://www.mufuliracouncil.gov.zm/wp-content/uploads/2025/12/Approved-Budget-2023.pdf|||-||-|||
2023|8|6|6|Approved Budget 2023|https://www.mufuliracouncil.gov.zm/wp-content/uploads/2025/12/Approved-Budget-2023.pdf|||-||-|||
2023|8|6|7|Approved Budget 2023|https://www.mufuliracouncil.gov.zm/wp-content/uploads/2025/12/Approved-Budget-2023.pdf|||-||-|||
2023|8|6|8|Approved Budget 2023|https://www.mufuliracouncil.gov.zm/wp-content/uploads/2025/12/Approved-Budget-2023.pdf|||-||-|||
2023|8|6|9|Approved Budget 2023|https://www.mufuliracouncil.gov.zm/wp-content/uploads/2025/12/Approved-Budget-2023.pdf|||-||-|||
2023|8|6|10|Approved Budget 2023|https://www.mufuliracouncil.gov.zm/wp-content/uploads/2025/12/Approved-Budget-2023.pdf|||-||-|||
2023|8|6|11|Approved Budget 2023|https://www.mufuliracouncil.gov.zm/wp-content/uploads/2025/12/Approved-Budget-2023.pdf|||-||-|||
2023|8|6|12|Approved Budget 2023|https://www.mufuliracouncil.gov.zm/wp-content/uploads/2025/12/Approved-Budget-2023.pdf|||-||-|||
2023|8|6|13|Approved Budget 2023|https://www.mufuliracouncil.gov.zm/wp-content/uploads/2025/12/Approved-Budget-2023.pdf|||-||-|||
2023|8|6|14|Approved Budget 2023|https://www.mufuliracouncil.gov.zm/wp-content/uploads/2025/12/Approved-Budget-2023.pdf|||-||-|||
2023|8|6|15|Approved Budget 2023|https://www.mufuliracouncil.gov.zm/wp-content/uploads/2025/12/Approved-Budget-2023.pdf|||-||-|||
2023|8|6|16|Approved Budget 2023|https://www.mufuliracouncil.gov.zm/wp-content/uploads/2025/12/Approved-Budget-2023.pdf|||-||-|||
2023|8|6|17|Approved Budget 2023|https://www.mufuliracouncil.gov.zm/wp-content/uploads/2025/12/Approved-Budget-2023.pdf|||-||-|||
2023|8|6|18|Approved Budget 2023|https://www.mufuliracouncil.gov.zm/wp-content/uploads/2025/12/Approved-Budget-2023.pdf|||-||-|||
2023|8|6|19|Approved Budget 2023|https://www.mufuliracouncil.gov.zm/wp-content/uploads/2025/12/Approved-Budget-2023.pdf|||-||-|||
2023|8|6|20|Approved Budget 2023|https://www.mufuliracouncil.gov.zm/wp-content/uploads/2025/12/Approved-Budget-2023.pdf|||(0)||(0)|||
2023|8|6|21|Approved Budget 2023|https://www.mufuliracouncil.gov.zm/wp-content/uploads/2025/12/Approved-Budget-2023.pdf|||(0)||(0)|||
2023|8|6|22|Approved Budget 2023|https://www.mufuliracouncil.gov.zm/wp-content/uploads/2025/12/Approved-Budget-2023.pdf|||-||-|||
2023|8|6|23|Approved Budget 2023|https://www.mufuliracouncil.gov.zm/wp-content/uploads/2025/12/Approved-Budget-2023.pdf|||-||-|||
2023|8|6|24|Approved Budget 2023|https://www.mufuliracouncil.gov.zm/wp-content/uploads/2025/12/Approved-Budget-2023.pdf|||-||-|||
2023|8|6|25|Approved Budget 2023|https://www.mufuliracouncil.gov.zm/wp-content/uploads/2025/12/Approved-Budget-2023.pdf|||-||-|||
2023|8|6|26|Approved Budget 2023|https://www.mufuliracouncil.gov.zm/wp-content/uploads/2025/12/Approved-Budget-2023.pdf|||-||-|||
2023|8|6|27|Approved Budget 2023|https://www.mufuliracouncil.gov.zm/wp-content/uploads/2025/12/Approved-Budget-2023.pdf|||-||-|||
2023|9|7|1|Approved Budget 2023|https://www.mufuliracouncil.gov.zm/wp-content/uploads/2025/12/Approved-Budget-2023.pdf|031 Street Lighting 7 Recreation Culture and Religion 039 Library Services 042 Sports Promotion 8 Education and Skills Development 005 Early Childhood Education 010 Adult Literacy 10 Public Order and Safety 014 Building Regulations 018 Community Policing 041 Fire Protection Services 11 Management and Support Services 001 (cid:9)Human Resource and Administration 009 Executive Management 016 (cid:9)Procurement 028 (cid:9)Auditing 035 (cid:9)Accounting 036 Legal 064 Revenue Collection 066 (cid:9)Revenue Reporting 12 Resource Mobilisation and Management 067 Revenue Mobilisation 068 Revenue Enhancement 069 Revenue Management|- - - - - - - - - - - - - - - - - - (0) - - - - -|-|512,920 2,143,931 54,130 2,089,801 348,986 128,516 220,470 1,903,334 522,660 178,420 1,202,254 47,259,004 24,285,672 3,064,430 790,197 581,936 14,776,889 3,108,596 (0) 651,285 5,748,464 2,460,150 1,896,384 1,391,930|-||1,633,021 2,131,611 533,050 1,598,561 233,620 68,660 164,960 1,683,722 343,400 182,360 1,157,962 44,568,645 30,721,773 2,266,568 645,657 387,061 7,259,115 2,534,711 300,000 453,761 3,817,257 1,411,624 1,425,283 980,350|
2023|9|7|2|Approved Budget 2023|https://www.mufuliracouncil.gov.zm/wp-content/uploads/2025/12/Approved-Budget-2023.pdf|||-||-|||
2023|9|7|3|Approved Budget 2023|https://www.mufuliracouncil.gov.zm/wp-content/uploads/2025/12/Approved-Budget-2023.pdf|||-||-|||
2023|9|7|4|Approved Budget 2023|https://www.mufuliracouncil.gov.zm/wp-content/uploads/2025/12/Approved-Budget-2023.pdf|||-||-|||
2023|9|7|5|Approved Budget 2023|https://www.mufuliracouncil.gov.zm/wp-content/uploads/2025/12/Approved-Budget-2023.pdf|||-||-|||
2023|9|7|6|Approved Budget 2023|https://www.mufuliracouncil.gov.zm/wp-content/uploads/2025/12/Approved-Budget-2023.pdf|||-||-|||
2023|9|7|7|Approved Budget 2023|https://www.mufuliracouncil.gov.zm/wp-content/uploads/2025/12/Approved-Budget-2023.pdf|||-||-|||
2023|9|7|8|Approved Budget 2023|https://www.mufuliracouncil.gov.zm/wp-content/uploads/2025/12/Approved-Budget-2023.pdf|||-||-|||
2023|9|7|9|Approved Budget 2023|https://www.mufuliracouncil.gov.zm/wp-content/uploads/2025/12/Approved-Budget-2023.pdf|||-||-|||
2023|9|7|10|Approved Budget 2023|https://www.mufuliracouncil.gov.zm/wp-content/uploads/2025/12/Approved-Budget-2023.pdf|||-||-|||
2023|9|7|11|Approved Budget 2023|https://www.mufuliracouncil.gov.zm/wp-content/uploads/2025/12/Approved-Budget-2023.pdf|||-||-|||
2023|9|7|12|Approved Budget 2023|https://www.mufuliracouncil.gov.zm/wp-content/uploads/2025/12/Approved-Budget-2023.pdf|||-||-|||
2023|9|7|13|Approved Budget 2023|https://www.mufuliracouncil.gov.zm/wp-content/uploads/2025/12/Approved-Budget-2023.pdf|||-||-|||
2023|9|7|14|Approved Budget 2023|https://www.mufuliracouncil.gov.zm/wp-content/uploads/2025/12/Approved-Budget-2023.pdf|||-||-|||
2023|9|7|15|Approved Budget 2023|https://www.mufuliracouncil.gov.zm/wp-content/uploads/2025/12/Approved-Budget-2023.pdf|||-||-|||
2023|9|7|16|Approved Budget 2023|https://www.mufuliracouncil.gov.zm/wp-content/uploads/2025/12/Approved-Budget-2023.pdf|||-||-|||
2023|9|7|17|Approved Budget 2023|https://www.mufuliracouncil.gov.zm/wp-content/uploads/2025/12/Approved-Budget-2023.pdf|||-||-|||
2023|9|7|18|Approved Budget 2023|https://www.mufuliracouncil.gov.zm/wp-content/uploads/2025/12/Approved-Budget-2023.pdf|||-||-|||
2023|9|7|19|Approved Budget 2023|https://www.mufuliracouncil.gov.zm/wp-content/uploads/2025/12/Approved-Budget-2023.pdf|||(0)||(0)|||
2023|9|7|20|Approved Budget 2023|https://www.mufuliracouncil.gov.zm/wp-content/uploads/2025/12/Approved-Budget-2023.pdf|||-||-|||
2023|9|7|21|Approved Budget 2023|https://www.mufuliracouncil.gov.zm/wp-content/uploads/2025/12/Approved-Budget-2023.pdf|||-||-|||
2023|9|7|22|Approved Budget 2023|https://www.mufuliracouncil.gov.zm/wp-content/uploads/2025/12/Approved-Budget-2023.pdf|||-||-|||
2023|9|7|23|Approved Budget 2023|https://www.mufuliracouncil.gov.zm/wp-content/uploads/2025/12/Approved-Budget-2023.pdf|||-||-|||
2023|9|7|24|Approved Budget 2023|https://www.mufuliracouncil.gov.zm/wp-content/uploads/2025/12/Approved-Budget-2023.pdf|||-||-|||
2023|9|7|25|Approved Budget 2023|https://www.mufuliracouncil.gov.zm/wp-content/uploads/2025/12/Approved-Budget-2023.pdf|Head Total|-|-|154,531,604|-||157,197,296|
2023|12|8|1|Approved Budget 2023|https://www.mufuliracouncil.gov.zm/wp-content/uploads/2025/12/Approved-Budget-2023.pdf|Key Output(s)|||||||
2023|12|8|2|Approved Budget 2023|https://www.mufuliracouncil.gov.zm/wp-content/uploads/2025/12/Approved-Budget-2023.pdf|Output Indicator:|2021||2022||2023||
2023|12|8|3|Approved Budget 2023|https://www.mufuliracouncil.gov.zm/wp-content/uploads/2025/12/Approved-Budget-2023.pdf||Target|Actual|Target|Actual*|Target||
2023|12|8|4|Approved Budget 2023|https://www.mufuliracouncil.gov.zm/wp-content/uploads/2025/12/Approved-Budget-2023.pdf|01 Number of school classroom blocks constructed 02 Number of kilometres of drainages constructed 03 Number of school class desks delivered 04 Number of students sponsored through bursaries 05 Number of kilometres of drainages cleared 06 Number of Youth Groups Empowered 07 Number of Women Groups Empowered 08 Number of kilometres of feeder roads opened|- - - - - - - -|- - - - - - - -|25 55 500 1,000 55 90 90 20|- 55 500 1,000 55 90 90 10|(0) (0) 500 1,000 55 90 90 10||
2023|13|9|1|Approved Budget 2023|https://www.mufuliracouncil.gov.zm/wp-content/uploads/2025/12/Approved-Budget-2023.pdf|ECONOMIC CLASSIFICATION||2021 BUDGET|||2022 BUDGET||2023 BUDGET
2023|13|9|2|Approved Budget 2023|https://www.mufuliracouncil.gov.zm/wp-content/uploads/2025/12/Approved-Budget-2023.pdf|||Approved|Expenditure|Approved||Expenditure*|Estimates
2023|13|9|3|Approved Budget 2023|https://www.mufuliracouncil.gov.zm/wp-content/uploads/2025/12/Approved-Budget-2023.pdf|02 Use of Goods and Services 00 General Budget Item|Use of Goods and Services|-|-|77,100,000 77,100,000||- -|84,900,000 84,900,000
2023|13|9|4|Approved Budget 2023|https://www.mufuliracouncil.gov.zm/wp-content/uploads/2025/12/Approved-Budget-2023.pdf|||-|-||||
2023|13|9|5|Approved Budget 2023|https://www.mufuliracouncil.gov.zm/wp-content/uploads/2025/12/Approved-Budget-2023.pdf|Programme Total||-|||||84,900,000
2023|13|9|6|Approved Budget 2023|https://www.mufuliracouncil.gov.zm/wp-content/uploads/2025/12/Approved-Budget-2023.pdf||||-|77,100,000||-|
2023|14|10|1|Approved Budget 2023|https://www.mufuliracouncil.gov.zm/wp-content/uploads/2025/12/Approved-Budget-2023.pdf|Key Output(s)|||||||
2023|14|10|2|Approved Budget 2023|https://www.mufuliracouncil.gov.zm/wp-content/uploads/2025/12/Approved-Budget-2023.pdf|Output Indicator:|2021||2022||2023||
2023|14|10|3|Approved Budget 2023|https://www.mufuliracouncil.gov.zm/wp-content/uploads/2025/12/Approved-Budget-2023.pdf||Target|Actual|Target|Actual*|Target||
2023|14|10|4|Approved Budget 2023|https://www.mufuliracouncil.gov.zm/wp-content/uploads/2025/12/Approved-Budget-2023.pdf|01 Number of sensitisation and awareness campaigns conducted 02 Number of Ward Development Committees Operationalised 03 Number of Ward Development Committee Meetings held per ward 04 Number of Full Council Meetings Held|- - - -|- - - -|4 30 4 4|4 30 4 4|4 (0) 4 4||
2023|15|11|1|Approved Budget 2023|https://www.mufuliracouncil.gov.zm/wp-content/uploads/2025/12/Approved-Budget-2023.pdf|ECONOMIC CLASSIFICATION||2021 BUDGET|||2022 BUDGET||2023 BUDGET
2023|15|11|2|Approved Budget 2023|https://www.mufuliracouncil.gov.zm/wp-content/uploads/2025/12/Approved-Budget-2023.pdf|||Approved|Expenditure|Approved||Expenditure*|Estimates
2023|15|11|3|Approved Budget 2023|https://www.mufuliracouncil.gov.zm/wp-content/uploads/2025/12/Approved-Budget-2023.pdf|02 Use of Goods and Services 00 General Budget Item 04 Assets 01 Non-Financial Assets (Capital Expenditure)|Use of Goods and Services|-|-|2,107,805 2,107,805 285,200 285,200||- - -|1,886,960 1,886,960 47,200 47,200
2023|15|11|4|Approved Budget 2023|https://www.mufuliracouncil.gov.zm/wp-content/uploads/2025/12/Approved-Budget-2023.pdf|||-|-||||
2023|15|11|5|Approved Budget 2023|https://www.mufuliracouncil.gov.zm/wp-content/uploads/2025/12/Approved-Budget-2023.pdf||Assets|- -|-||||
2023|15|11|6|Approved Budget 2023|https://www.mufuliracouncil.gov.zm/wp-content/uploads/2025/12/Approved-Budget-2023.pdf||||-|||-|
2023|15|11|7|Approved Budget 2023|https://www.mufuliracouncil.gov.zm/wp-content/uploads/2025/12/Approved-Budget-2023.pdf|Programme Total||-|-|2,393,005||-|1,934,160
2023|16|12|1|Approved Budget 2023|https://www.mufuliracouncil.gov.zm/wp-content/uploads/2025/12/Approved-Budget-2023.pdf|Key Output(s)|||||||
2023|16|12|2|Approved Budget 2023|https://www.mufuliracouncil.gov.zm/wp-content/uploads/2025/12/Approved-Budget-2023.pdf|Output Indicator:|2021||2022||2023||
2023|16|12|3|Approved Budget 2023|https://www.mufuliracouncil.gov.zm/wp-content/uploads/2025/12/Approved-Budget-2023.pdf||Target|Actual|Target|Actual*|Target||
2023|16|12|4|Approved Budget 2023|https://www.mufuliracouncil.gov.zm/wp-content/uploads/2025/12/Approved-Budget-2023.pdf|01 Integrated Development Plan developed 02 Number of GBV and HIV Sensitisation meetings held 03 New layout maps developed|- - -|- - -|1 1 1|1 2 1|- 4 (0)||
2023|17|13|1|Approved Budget 2023|https://www.mufuliracouncil.gov.zm/wp-content/uploads/2025/12/Approved-Budget-2023.pdf|ECONOMIC CLASSIFICATION||2021 BUDGET|||2022 BUDGET||2023 BUDGET
2023|17|13|2|Approved Budget 2023|https://www.mufuliracouncil.gov.zm/wp-content/uploads/2025/12/Approved-Budget-2023.pdf|||Approved|Expenditure|Approved||Expenditure*|Estimates
2023|17|13|3|Approved Budget 2023|https://www.mufuliracouncil.gov.zm/wp-content/uploads/2025/12/Approved-Budget-2023.pdf|01 Personal Emoluments 01 Salaries and Wages 02 Use of Goods and Services 00 General Budget Item 04 Assets 01 Non-Financial Assets (Capital Expenditure)|Personal Emoluments|- - -|-|666,800 666,800 981,850 981,850 435,000 435,000||-|666,800 666,800 419,895 419,895 - -
2023|17|13|4|Approved Budget 2023|https://www.mufuliracouncil.gov.zm/wp-content/uploads/2025/12/Approved-Budget-2023.pdf||||-|||-|
2023|17|13|5|Approved Budget 2023|https://www.mufuliracouncil.gov.zm/wp-content/uploads/2025/12/Approved-Budget-2023.pdf||Use of Goods and Services||-|||- - -|
2023|17|13|6|Approved Budget 2023|https://www.mufuliracouncil.gov.zm/wp-content/uploads/2025/12/Approved-Budget-2023.pdf|||-|-||||
2023|17|13|7|Approved Budget 2023|https://www.mufuliracouncil.gov.zm/wp-content/uploads/2025/12/Approved-Budget-2023.pdf||Assets|- -|-||||
2023|17|13|8|Approved Budget 2023|https://www.mufuliracouncil.gov.zm/wp-content/uploads/2025/12/Approved-Budget-2023.pdf||||-|||-|
2023|17|13|9|Approved Budget 2023|https://www.mufuliracouncil.gov.zm/wp-content/uploads/2025/12/Approved-Budget-2023.pdf|Programme Total||-|-|2,083,650||-|1,086,695
2023|19|14|1|Approved Budget 2023|https://www.mufuliracouncil.gov.zm/wp-content/uploads/2025/12/Approved-Budget-2023.pdf|Key Output(s)|||||||
2023|19|14|2|Approved Budget 2023|https://www.mufuliracouncil.gov.zm/wp-content/uploads/2025/12/Approved-Budget-2023.pdf|Output Indicator:|2021||2022||2023||
2023|19|14|3|Approved Budget 2023|https://www.mufuliracouncil.gov.zm/wp-content/uploads/2025/12/Approved-Budget-2023.pdf||Target|Actual|Target|Actual*|Target||
2023|19|14|4|Approved Budget 2023|https://www.mufuliracouncil.gov.zm/wp-content/uploads/2025/12/Approved-Budget-2023.pdf|01 Number of Metric Tonnes of Garbage collected and disposed off 02 Number of boreholes drilled 03 Number of premises inspected 04 Number of cemeteries cleared and maintained. 05 Number of unclaimed bodies buried 06 Solid waste disposal site fenced|- - - - - -|- - - - - -|18,000 17 800 10 10 1|7,120 4 400 10 12 -|18,000 18 800 10 15 (0)||
2023|20|15|1|Approved Budget 2023|https://www.mufuliracouncil.gov.zm/wp-content/uploads/2025/12/Approved-Budget-2023.pdf|ECONOMIC CLASSIFICATION||2021 BUDGET|||2022 BUDGET||2023 BUDGET
2023|20|15|2|Approved Budget 2023|https://www.mufuliracouncil.gov.zm/wp-content/uploads/2025/12/Approved-Budget-2023.pdf|||Approved|Expenditure|Approved||Expenditure*|Estimates
2023|20|15|3|Approved Budget 2023|https://www.mufuliracouncil.gov.zm/wp-content/uploads/2025/12/Approved-Budget-2023.pdf|15 General Budget Item 01 Personal Emoluments 01 Salaries and Wages 02 Use of Goods and Services 00 General Budget Item 15 General Budget Item 04 Assets 01 Non-Financial Assets (Capital Expenditure)||- -|-|- - - 1,838,114 1,838,114 2,506,373 1,553,599 952,774 341,700 341,700||-|- - - 1,584,815 1,584,815 1,133,272 1,133,272 - 825,328 825,328
2023|20|15|4|Approved Budget 2023|https://www.mufuliracouncil.gov.zm/wp-content/uploads/2025/12/Approved-Budget-2023.pdf||||-|||-|
2023|20|15|5|Approved Budget 2023|https://www.mufuliracouncil.gov.zm/wp-content/uploads/2025/12/Approved-Budget-2023.pdf|||-|-|||- -|
2023|20|15|6|Approved Budget 2023|https://www.mufuliracouncil.gov.zm/wp-content/uploads/2025/12/Approved-Budget-2023.pdf||Personal Emoluments|- - -|-||||
2023|20|15|7|Approved Budget 2023|https://www.mufuliracouncil.gov.zm/wp-content/uploads/2025/12/Approved-Budget-2023.pdf||||-|||-|
2023|20|15|8|Approved Budget 2023|https://www.mufuliracouncil.gov.zm/wp-content/uploads/2025/12/Approved-Budget-2023.pdf||Use of Goods and Services||-|||- - - -|
2023|20|15|9|Approved Budget 2023|https://www.mufuliracouncil.gov.zm/wp-content/uploads/2025/12/Approved-Budget-2023.pdf|||-|-||||
2023|20|15|10|Approved Budget 2023|https://www.mufuliracouncil.gov.zm/wp-content/uploads/2025/12/Approved-Budget-2023.pdf|||-|-||||
2023|20|15|11|Approved Budget 2023|https://www.mufuliracouncil.gov.zm/wp-content/uploads/2025/12/Approved-Budget-2023.pdf||Assets|- -|-||||
2023|20|15|12|Approved Budget 2023|https://www.mufuliracouncil.gov.zm/wp-content/uploads/2025/12/Approved-Budget-2023.pdf||||-|||-|
2023|20|15|13|Approved Budget 2023|https://www.mufuliracouncil.gov.zm/wp-content/uploads/2025/12/Approved-Budget-2023.pdf|Programme Total||-|-|4,686,187||-|3,543,415
2023|21|16|1|Approved Budget 2023|https://www.mufuliracouncil.gov.zm/wp-content/uploads/2025/12/Approved-Budget-2023.pdf|Key Output(s)|||||||
2023|21|16|2|Approved Budget 2023|https://www.mufuliracouncil.gov.zm/wp-content/uploads/2025/12/Approved-Budget-2023.pdf|Output Indicator:|2021||2022||2023||
2023|21|16|3|Approved Budget 2023|https://www.mufuliracouncil.gov.zm/wp-content/uploads/2025/12/Approved-Budget-2023.pdf||Target|Actual|Target|Actual*|Target||
2023|21|16|4|Approved Budget 2023|https://www.mufuliracouncil.gov.zm/wp-content/uploads/2025/12/Approved-Budget-2023.pdf|01 Number of kilometres of Township Roads graded and gravelled 02 Number of Parks and Gardens maintained 03 Number of Kilometres of drainages disilted 04 Number of Council buildings maintained 06 Construction of a truck parking bay|- - - - -|- - - - -|20 2 50 3 -|10 2 50 1 -|20 2 50 3 1||
2023|22|17|1|Approved Budget 2023|https://www.mufuliracouncil.gov.zm/wp-content/uploads/2025/12/Approved-Budget-2023.pdf|ECONOMIC CLASSIFICATION||2021 BUDGET|||2022 BUDGET||2023 BUDGET
2023|22|17|2|Approved Budget 2023|https://www.mufuliracouncil.gov.zm/wp-content/uploads/2025/12/Approved-Budget-2023.pdf|||Approved|Expenditure|Approved||Expenditure*|Estimates
2023|22|17|3|Approved Budget 2023|https://www.mufuliracouncil.gov.zm/wp-content/uploads/2025/12/Approved-Budget-2023.pdf|00 General Budget Item 01 Personal Emoluments 01 Salaries and Wages 02 Use of Goods and Services 00 General Budget Item 04 Assets 01 Non-Financial Assets (Capital Expenditure)||- -|-|- - - 862,616 862,616 6,882,488 6,882,488 3,119,940 3,119,940||-|- - - 1,743,816 1,743,816 5,862,690 5,862,690 5,691,665 5,691,665
2023|22|17|4|Approved Budget 2023|https://www.mufuliracouncil.gov.zm/wp-content/uploads/2025/12/Approved-Budget-2023.pdf||||-|||-|
2023|22|17|5|Approved Budget 2023|https://www.mufuliracouncil.gov.zm/wp-content/uploads/2025/12/Approved-Budget-2023.pdf|||-|-|||- -|
2023|22|17|6|Approved Budget 2023|https://www.mufuliracouncil.gov.zm/wp-content/uploads/2025/12/Approved-Budget-2023.pdf||Personal Emoluments|- - -|-||||
2023|22|17|7|Approved Budget 2023|https://www.mufuliracouncil.gov.zm/wp-content/uploads/2025/12/Approved-Budget-2023.pdf||||-|||-|
2023|22|17|8|Approved Budget 2023|https://www.mufuliracouncil.gov.zm/wp-content/uploads/2025/12/Approved-Budget-2023.pdf||Use of Goods and Services||-|||- - -|
2023|22|17|9|Approved Budget 2023|https://www.mufuliracouncil.gov.zm/wp-content/uploads/2025/12/Approved-Budget-2023.pdf|||-|-||||
2023|22|17|10|Approved Budget 2023|https://www.mufuliracouncil.gov.zm/wp-content/uploads/2025/12/Approved-Budget-2023.pdf||Assets|- -|-||||
2023|22|17|11|Approved Budget 2023|https://www.mufuliracouncil.gov.zm/wp-content/uploads/2025/12/Approved-Budget-2023.pdf||||-|||-|
2023|22|17|12|Approved Budget 2023|https://www.mufuliracouncil.gov.zm/wp-content/uploads/2025/12/Approved-Budget-2023.pdf|Programme Total||-|-|10,865,044||-|13,298,171
2023|23|18|1|Approved Budget 2023|https://www.mufuliracouncil.gov.zm/wp-content/uploads/2025/12/Approved-Budget-2023.pdf|Key Output(s)|||||||
2023|23|18|2|Approved Budget 2023|https://www.mufuliracouncil.gov.zm/wp-content/uploads/2025/12/Approved-Budget-2023.pdf|Output Indicator:|2021||2022||2023||
2023|23|18|3|Approved Budget 2023|https://www.mufuliracouncil.gov.zm/wp-content/uploads/2025/12/Approved-Budget-2023.pdf||Target|Actual|Target|Actual*|Target||
2023|23|18|4|Approved Budget 2023|https://www.mufuliracouncil.gov.zm/wp-content/uploads/2025/12/Approved-Budget-2023.pdf|01 Number of Sports Teams sponsored 02 Number of library books procured 03 Number of culture groups sponsored 04 Number of sporting facilities maintained 05 Number of libraries maintained|- - - - -|- - - - -|6 5,000 1 1 3|6 3,000 1 1 3|6 3,000 1 1 3||
2023|24|19|1|Approved Budget 2023|https://www.mufuliracouncil.gov.zm/wp-content/uploads/2025/12/Approved-Budget-2023.pdf|ECONOMIC CLASSIFICATION||2021 BUDGET|||2022 BUDGET||2023 BUDGET
2023|24|19|2|Approved Budget 2023|https://www.mufuliracouncil.gov.zm/wp-content/uploads/2025/12/Approved-Budget-2023.pdf|||Approved|Expenditure|Approved||Expenditure*|Estimates
2023|24|19|3|Approved Budget 2023|https://www.mufuliracouncil.gov.zm/wp-content/uploads/2025/12/Approved-Budget-2023.pdf|00 General Budget Item 01 Personal Emoluments 01 Salaries and Wages 02 Use of Goods and Services 00 General Budget Item 04 Assets 01 Non-Financial Assets (Capital Expenditure)||- -|-|- - - 310,986 310,986 1,832,945 1,832,945 - -||-|- - - 310,986 310,986 1,735,275 1,735,275 85,350 85,350
2023|24|19|4|Approved Budget 2023|https://www.mufuliracouncil.gov.zm/wp-content/uploads/2025/12/Approved-Budget-2023.pdf||||-|||-|
2023|24|19|5|Approved Budget 2023|https://www.mufuliracouncil.gov.zm/wp-content/uploads/2025/12/Approved-Budget-2023.pdf|||-|-|||- -|
2023|24|19|6|Approved Budget 2023|https://www.mufuliracouncil.gov.zm/wp-content/uploads/2025/12/Approved-Budget-2023.pdf||Personal Emoluments|- - -|-||||
2023|24|19|7|Approved Budget 2023|https://www.mufuliracouncil.gov.zm/wp-content/uploads/2025/12/Approved-Budget-2023.pdf||||-|||-|
2023|24|19|8|Approved Budget 2023|https://www.mufuliracouncil.gov.zm/wp-content/uploads/2025/12/Approved-Budget-2023.pdf||Use of Goods and Services||-|||- - -|
2023|24|19|9|Approved Budget 2023|https://www.mufuliracouncil.gov.zm/wp-content/uploads/2025/12/Approved-Budget-2023.pdf|||-|-||||
2023|24|19|10|Approved Budget 2023|https://www.mufuliracouncil.gov.zm/wp-content/uploads/2025/12/Approved-Budget-2023.pdf||Assets|- -|-||||
2023|24|19|11|Approved Budget 2023|https://www.mufuliracouncil.gov.zm/wp-content/uploads/2025/12/Approved-Budget-2023.pdf||||-|||-|
2023|24|19|12|Approved Budget 2023|https://www.mufuliracouncil.gov.zm/wp-content/uploads/2025/12/Approved-Budget-2023.pdf|Programme Total||-|-|2,143,931||-|2,131,611
2023|25|20|1|Approved Budget 2023|https://www.mufuliracouncil.gov.zm/wp-content/uploads/2025/12/Approved-Budget-2023.pdf|Key Output(s)|||||||
2023|25|20|2|Approved Budget 2023|https://www.mufuliracouncil.gov.zm/wp-content/uploads/2025/12/Approved-Budget-2023.pdf|Output Indicator:|2021||2022||2023||
2023|25|20|3|Approved Budget 2023|https://www.mufuliracouncil.gov.zm/wp-content/uploads/2025/12/Approved-Budget-2023.pdf||Target|Actual|Target|Actual*|Target||
2023|25|20|4|Approved Budget 2023|https://www.mufuliracouncil.gov.zm/wp-content/uploads/2025/12/Approved-Budget-2023.pdf|00 Number of children graduating to Grade 1 01 Number of Children enrolled into Early Child centres 02 Number of Adults graduating from Skills training centres|- - -|- - -|100 100 6|50 50 15|100 50 25||
2023|26|21|1|Approved Budget 2023|https://www.mufuliracouncil.gov.zm/wp-content/uploads/2025/12/Approved-Budget-2023.pdf|ECONOMIC CLASSIFICATION||2021 BUDGET|||2022 BUDGET||2023 BUDGET
2023|26|21|2|Approved Budget 2023|https://www.mufuliracouncil.gov.zm/wp-content/uploads/2025/12/Approved-Budget-2023.pdf|||Approved|Expenditure|Approved||Expenditure*|Estimates
2023|26|21|3|Approved Budget 2023|https://www.mufuliracouncil.gov.zm/wp-content/uploads/2025/12/Approved-Budget-2023.pdf|02 Use of Goods and Services 00 General Budget Item 04 Assets 01 Non-Financial Assets (Capital Expenditure)|Use of Goods and Services|-|-|320,586 320,586 28,400 28,400||- - -|233,620 233,620 - -
2023|26|21|4|Approved Budget 2023|https://www.mufuliracouncil.gov.zm/wp-content/uploads/2025/12/Approved-Budget-2023.pdf|||-|-||||
2023|26|21|5|Approved Budget 2023|https://www.mufuliracouncil.gov.zm/wp-content/uploads/2025/12/Approved-Budget-2023.pdf||Assets|- -|-||||
2023|26|21|6|Approved Budget 2023|https://www.mufuliracouncil.gov.zm/wp-content/uploads/2025/12/Approved-Budget-2023.pdf||||-|||-|
2023|26|21|7|Approved Budget 2023|https://www.mufuliracouncil.gov.zm/wp-content/uploads/2025/12/Approved-Budget-2023.pdf|Programme Total||-|-|348,986||-|233,620
2023|27|22|1|Approved Budget 2023|https://www.mufuliracouncil.gov.zm/wp-content/uploads/2025/12/Approved-Budget-2023.pdf|Key Output(s)|||||||
2023|27|22|2|Approved Budget 2023|https://www.mufuliracouncil.gov.zm/wp-content/uploads/2025/12/Approved-Budget-2023.pdf|Output Indicator:|2021||2022||2023||
2023|27|22|3|Approved Budget 2023|https://www.mufuliracouncil.gov.zm/wp-content/uploads/2025/12/Approved-Budget-2023.pdf||Target|Actual|Target|Actual*|Target||
2023|27|22|4|Approved Budget 2023|https://www.mufuliracouncil.gov.zm/wp-content/uploads/2025/12/Approved-Budget-2023.pdf|01 Number of Fire certificates issued 02 Number of building sites inspected 03 Number of building permits issued 04 Number of building plans scrutinised 05 Number of routine Police patrols conducted 06 Number of Fire Safety Trainings conducted|- - - - - -|- - - - - -|120 72 80 80 24 4|312 350 300 350 24 1|500 350 300 350 24 4||
2023|28|23|1|Approved Budget 2023|https://www.mufuliracouncil.gov.zm/wp-content/uploads/2025/12/Approved-Budget-2023.pdf|ECONOMIC CLASSIFICATION||2021 BUDGET|||2022 BUDGET||2023 BUDGET
2023|28|23|2|Approved Budget 2023|https://www.mufuliracouncil.gov.zm/wp-content/uploads/2025/12/Approved-Budget-2023.pdf|||Approved|Expenditure|Approved||Expenditure*|Estimates
2023|28|23|3|Approved Budget 2023|https://www.mufuliracouncil.gov.zm/wp-content/uploads/2025/12/Approved-Budget-2023.pdf|01 Personal Emoluments 01 Salaries and Wages 02 Use of Goods and Services 00 General Budget Item 04 Assets 01 Non-Financial Assets (Capital Expenditure)|Personal Emoluments|- - -|-|288,000 288,000 1,564,234 1,564,234 51,100 51,100||-|288,000 288,000 707,055 707,055 688,667 688,667
2023|28|23|4|Approved Budget 2023|https://www.mufuliracouncil.gov.zm/wp-content/uploads/2025/12/Approved-Budget-2023.pdf||||-|||-|
2023|28|23|5|Approved Budget 2023|https://www.mufuliracouncil.gov.zm/wp-content/uploads/2025/12/Approved-Budget-2023.pdf||Use of Goods and Services||-|||- - -|
2023|28|23|6|Approved Budget 2023|https://www.mufuliracouncil.gov.zm/wp-content/uploads/2025/12/Approved-Budget-2023.pdf|||-|-||||
2023|28|23|7|Approved Budget 2023|https://www.mufuliracouncil.gov.zm/wp-content/uploads/2025/12/Approved-Budget-2023.pdf||Assets|- -|-||||
2023|28|23|8|Approved Budget 2023|https://www.mufuliracouncil.gov.zm/wp-content/uploads/2025/12/Approved-Budget-2023.pdf||||-|||-|
2023|28|23|9|Approved Budget 2023|https://www.mufuliracouncil.gov.zm/wp-content/uploads/2025/12/Approved-Budget-2023.pdf|Programme Total||-|-|1,903,334||-|1,683,722
2023|29|24|1|Approved Budget 2023|https://www.mufuliracouncil.gov.zm/wp-content/uploads/2025/12/Approved-Budget-2023.pdf|Key Output(s)|||||||
2023|29|24|2|Approved Budget 2023|https://www.mufuliracouncil.gov.zm/wp-content/uploads/2025/12/Approved-Budget-2023.pdf|Output Indicator:|2021||2022||2023||
2023|29|24|3|Approved Budget 2023|https://www.mufuliracouncil.gov.zm/wp-content/uploads/2025/12/Approved-Budget-2023.pdf||Target|Actual|Target|Actual*|Target||
2023|29|24|4|Approved Budget 2023|https://www.mufuliracouncil.gov.zm/wp-content/uploads/2025/12/Approved-Budget-2023.pdf|01 Number of Annual Financial Reports Issued 02 Number of Internal Audit Reports 03 Number of Performance Reports 06 Proportion of Procurement Plan implemented|- - - -|- - - -|1 4 4 100|1 4 4 57|1 4 4 100||
2023|30|25|1|Approved Budget 2023|https://www.mufuliracouncil.gov.zm/wp-content/uploads/2025/12/Approved-Budget-2023.pdf|ECONOMIC CLASSIFICATION||2021 BUDGET|||2022 BUDGET||2023 BUDGET
2023|30|25|2|Approved Budget 2023|https://www.mufuliracouncil.gov.zm/wp-content/uploads/2025/12/Approved-Budget-2023.pdf|||Approved|Expenditure|Approved||Expenditure*|Estimates
2023|30|25|3|Approved Budget 2023|https://www.mufuliracouncil.gov.zm/wp-content/uploads/2025/12/Approved-Budget-2023.pdf|00 General Budget Item 01 Personal Emoluments 01 Salaries and Wages 02 Other Emoluments 03 Personnel Related Costs 02 Use of Goods and Services 00 General Budget Item 00 General Budget Item 04 Assets 01 Non-Financial Assets (Capital Expenditure) 05 Liabilities 01 Outstanding Bills||- -|-|166,200 166,200 166,200 29,702,879 25,163,822 166,200 4,372,857 6,361,163 - 6,361,163 2,544,298 2,544,298 8,484,464 8,484,464||-|- - - 36,457,170 32,195,347 282,000 3,979,823 3,955,540 - 3,955,540 1,803,934 1,803,934 2,352,000 2,352,000
2023|30|25|4|Approved Budget 2023|https://www.mufuliracouncil.gov.zm/wp-content/uploads/2025/12/Approved-Budget-2023.pdf||||-|||-|
2023|30|25|5|Approved Budget 2023|https://www.mufuliracouncil.gov.zm/wp-content/uploads/2025/12/Approved-Budget-2023.pdf|||-|-|||- -|
2023|30|25|6|Approved Budget 2023|https://www.mufuliracouncil.gov.zm/wp-content/uploads/2025/12/Approved-Budget-2023.pdf||Personal Emoluments|- - - - -|-||||
2023|30|25|7|Approved Budget 2023|https://www.mufuliracouncil.gov.zm/wp-content/uploads/2025/12/Approved-Budget-2023.pdf||||- - -|||-|
2023|30|25|8|Approved Budget 2023|https://www.mufuliracouncil.gov.zm/wp-content/uploads/2025/12/Approved-Budget-2023.pdf|||||||-|
2023|30|25|9|Approved Budget 2023|https://www.mufuliracouncil.gov.zm/wp-content/uploads/2025/12/Approved-Budget-2023.pdf|||||||-|
2023|30|25|10|Approved Budget 2023|https://www.mufuliracouncil.gov.zm/wp-content/uploads/2025/12/Approved-Budget-2023.pdf||Use of Goods and Services||-|||- - - -|
2023|30|25|11|Approved Budget 2023|https://www.mufuliracouncil.gov.zm/wp-content/uploads/2025/12/Approved-Budget-2023.pdf|||-|-||||
2023|30|25|12|Approved Budget 2023|https://www.mufuliracouncil.gov.zm/wp-content/uploads/2025/12/Approved-Budget-2023.pdf|||-|-||||
2023|30|25|13|Approved Budget 2023|https://www.mufuliracouncil.gov.zm/wp-content/uploads/2025/12/Approved-Budget-2023.pdf||Assets|- - - -|-||||
2023|30|25|14|Approved Budget 2023|https://www.mufuliracouncil.gov.zm/wp-content/uploads/2025/12/Approved-Budget-2023.pdf||||-|||-|
2023|30|25|15|Approved Budget 2023|https://www.mufuliracouncil.gov.zm/wp-content/uploads/2025/12/Approved-Budget-2023.pdf||||-|||-|
2023|30|25|16|Approved Budget 2023|https://www.mufuliracouncil.gov.zm/wp-content/uploads/2025/12/Approved-Budget-2023.pdf||||-|||-|
2023|30|25|17|Approved Budget 2023|https://www.mufuliracouncil.gov.zm/wp-content/uploads/2025/12/Approved-Budget-2023.pdf|Programme Total||-|-|47,259,004||-|44,568,645
2023|32|26|1|Approved Budget 2023|https://www.mufuliracouncil.gov.zm/wp-content/uploads/2025/12/Approved-Budget-2023.pdf|Key Output(s)|||||||
2023|32|26|2|Approved Budget 2023|https://www.mufuliracouncil.gov.zm/wp-content/uploads/2025/12/Approved-Budget-2023.pdf|Output Indicator:|2021||2022||2023||
2023|32|26|3|Approved Budget 2023|https://www.mufuliracouncil.gov.zm/wp-content/uploads/2025/12/Approved-Budget-2023.pdf||Target|Actual|Target|Actual*|Target||
2023|32|26|4|Approved Budget 2023|https://www.mufuliracouncil.gov.zm/wp-content/uploads/2025/12/Approved-Budget-2023.pdf|01 Number of Automated Revenue Collection points established 02 Number of Revenue Collection reports generated and submitted per week 03 Mufulira Municipal Council Website Developed 04 Mobile Money Payment System launched 05 Number of Revenue Collection Agents recruited and trained|- - - - -|- - - - -|5 5 1 1 15|- 5 1 - 15|5 5 - 1 (0)||
2023|33|27|1|Approved Budget 2023|https://www.mufuliracouncil.gov.zm/wp-content/uploads/2025/12/Approved-Budget-2023.pdf|ECONOMIC CLASSIFICATION||2021 BUDGET|||2022 BUDGET||2023 BUDGET
2023|33|27|2|Approved Budget 2023|https://www.mufuliracouncil.gov.zm/wp-content/uploads/2025/12/Approved-Budget-2023.pdf|||Approved|Expenditure|Approved||Expenditure*|Estimates
2023|33|27|3|Approved Budget 2023|https://www.mufuliracouncil.gov.zm/wp-content/uploads/2025/12/Approved-Budget-2023.pdf|01 Personal Emoluments 01 Salaries and Wages 02 Use of Goods and Services 00 General Budget Item 04 Assets 01 Non-Financial Assets (Capital Expenditure)|Personal Emoluments|- - -|-|460,800 460,800 2,908,430 2,908,430 2,379,234 2,379,234||-|486,300 486,300 2,018,107 2,018,107 1,312,850 1,312,850
2023|33|27|4|Approved Budget 2023|https://www.mufuliracouncil.gov.zm/wp-content/uploads/2025/12/Approved-Budget-2023.pdf||||-|||-|
2023|33|27|5|Approved Budget 2023|https://www.mufuliracouncil.gov.zm/wp-content/uploads/2025/12/Approved-Budget-2023.pdf||Use of Goods and Services||-|||- - -|
2023|33|27|6|Approved Budget 2023|https://www.mufuliracouncil.gov.zm/wp-content/uploads/2025/12/Approved-Budget-2023.pdf|||-|-||||
2023|33|27|7|Approved Budget 2023|https://www.mufuliracouncil.gov.zm/wp-content/uploads/2025/12/Approved-Budget-2023.pdf||Assets|- -|-||||
2023|33|27|8|Approved Budget 2023|https://www.mufuliracouncil.gov.zm/wp-content/uploads/2025/12/Approved-Budget-2023.pdf||||-|||-|
2023|33|27|9|Approved Budget 2023|https://www.mufuliracouncil.gov.zm/wp-content/uploads/2025/12/Approved-Budget-2023.pdf|Programme Total||-|-|5,748,464||-|3,817,257
2024|3|1|1|Approved Budget 2024|https://www.mufuliracouncil.gov.zm/wp-content/uploads/2025/12/Approved-Budget-2024.pdf|CODE|REVENUE DESCRIPTION|APPROVED BUDGET 2024|||REVISED BUDGET 2025||BUDGET ESTIMATE 2026
2024|3|1|2|Approved Budget 2024|https://www.mufuliracouncil.gov.zm/wp-content/uploads/2025/12/Approved-Budget-2024.pdf|01|Local taxes/rates||||||
2024|3|1|3|Approved Budget 2024|https://www.mufuliracouncil.gov.zm/wp-content/uploads/2025/12/Approved-Budget-2024.pdf|001|Residential|9,230,999|||12,701,435||12,475,581
2024|3|1|4|Approved Budget 2024|https://www.mufuliracouncil.gov.zm/wp-content/uploads/2025/12/Approved-Budget-2024.pdf|002|Commercial|8,469,086|||10,079,906||9,832,490
2024|3|1|5|Approved Budget 2024|https://www.mufuliracouncil.gov.zm/wp-content/uploads/2025/12/Approved-Budget-2024.pdf|005|Mining/Plant|34,453,000|||41,005,961||39,999,451
2024|3|1|6|Approved Budget 2024|https://www.mufuliracouncil.gov.zm/wp-content/uploads/2025/12/Approved-Budget-2024.pdf||SubItem Total||52,153,085||63,787,301||62,307,522
2024|3|1|7|Approved Budget 2024|https://www.mufuliracouncil.gov.zm/wp-content/uploads/2025/12/Approved-Budget-2024.pdf|001|Personal levy|153,360|||175,764||170,355
2024|3|1|8|Approved Budget 2024|https://www.mufuliracouncil.gov.zm/wp-content/uploads/2025/12/Approved-Budget-2024.pdf||SubItem Total||153,360||175,764||170,355
2024|3|1|9|Approved Budget 2024|https://www.mufuliracouncil.gov.zm/wp-content/uploads/2025/12/Approved-Budget-2024.pdf|CODE|REVENUE DESCRIPTION|APPROVED BUDGET 2024|||REVISED BUDGET 2025||BUDGET ESTIMATE 2026
2024|3|1|10|Approved Budget 2024|https://www.mufuliracouncil.gov.zm/wp-content/uploads/2025/12/Approved-Budget-2024.pdf|02|Fees and Charges||||||
2024|3|1|11|Approved Budget 2024|https://www.mufuliracouncil.gov.zm/wp-content/uploads/2025/12/Approved-Budget-2024.pdf|001|Consent fees|49,000|||53,018||56,888
2024|3|1|12|Approved Budget 2024|https://www.mufuliracouncil.gov.zm/wp-content/uploads/2025/12/Approved-Budget-2024.pdf|002|Survey fees|34,500|||37,329||40,054
2024|3|1|13|Approved Budget 2024|https://www.mufuliracouncil.gov.zm/wp-content/uploads/2025/12/Approved-Budget-2024.pdf|003|Building inspection-fees|385,800|||417,436||447,908
2024|3|1|14|Approved Budget 2024|https://www.mufuliracouncil.gov.zm/wp-content/uploads/2025/12/Approved-Budget-2024.pdf|004|Plan scrutiny fee|304,500|||329,469||353,520
2024|3|1|15|Approved Budget 2024|https://www.mufuliracouncil.gov.zm/wp-content/uploads/2025/12/Approved-Budget-2024.pdf|007|Rentals/lease of Council’s properties|557,650|||649,757||647,424
2024|3|1|16|Approved Budget 2024|https://www.mufuliracouncil.gov.zm/wp-content/uploads/2025/12/Approved-Budget-2024.pdf|008|Non-Land Application forms fees|206,450|||223,379||251,934
2024|3|1|17|Approved Budget 2024|https://www.mufuliracouncil.gov.zm/wp-content/uploads/2025/12/Approved-Budget-2024.pdf|009|Rentals from houses|268,800|||302,917||312,073
2024|3|1|18|Approved Budget 2024|https://www.mufuliracouncil.gov.zm/wp-content/uploads/2025/12/Approved-Budget-2024.pdf|010|Sketch plan|10,000|||10,820||11,610
2024|3|1|19|Approved Budget 2024|https://www.mufuliracouncil.gov.zm/wp-content/uploads/2025/12/Approved-Budget-2024.pdf|011|Search fees|40,000|||43,280||46,439
2024|3|1|20|Approved Budget 2024|https://www.mufuliracouncil.gov.zm/wp-content/uploads/2025/12/Approved-Budget-2024.pdf|012|Notice board advert fees|500|||541||580
2024|3|1|21|Approved Budget 2024|https://www.mufuliracouncil.gov.zm/wp-content/uploads/2025/12/Approved-Budget-2024.pdf|013|Market fees|991,340|||1,072,630||1,150,932
2024|3|1|22|Approved Budget 2024|https://www.mufuliracouncil.gov.zm/wp-content/uploads/2025/12/Approved-Budget-2024.pdf|014|Parking fees|35,016|||41,676||40,653
2024|3|1|23|Approved Budget 2024|https://www.mufuliracouncil.gov.zm/wp-content/uploads/2025/12/Approved-Budget-2024.pdf|016|Loading fees (buses, trucks, trains, taxies etc.)|840,360|||909,270||975,646
2024|3|1|24|Approved Budget 2024|https://www.mufuliracouncil.gov.zm/wp-content/uploads/2025/12/Approved-Budget-2024.pdf|017|Affidavit fees|41,850|||45,282||48,587
2024|3|1|25|Approved Budget 2024|https://www.mufuliracouncil.gov.zm/wp-content/uploads/2025/12/Approved-Budget-2024.pdf|020|Hire of halls|69,600|||75,307||80,805
2024|3|1|26|Approved Budget 2024|https://www.mufuliracouncil.gov.zm/wp-content/uploads/2025/12/Approved-Budget-2024.pdf|033|Refuse disposal|44,200|||8,007||8,591
2024|3|1|27|Approved Budget 2024|https://www.mufuliracouncil.gov.zm/wp-content/uploads/2025/12/Approved-Budget-2024.pdf|038|Library membership fees|41,320|||44,708||47,972
2024|3|1|28|Approved Budget 2024|https://www.mufuliracouncil.gov.zm/wp-content/uploads/2025/12/Approved-Budget-2024.pdf|045|Notice of marriage fees|50,000|||54,100||58,049
2024|3|1|29|Approved Budget 2024|https://www.mufuliracouncil.gov.zm/wp-content/uploads/2025/12/Approved-Budget-2024.pdf|046|Abattoir/meat inspection fees|30,500|||30,500||30,500
2024|3|1|30|Approved Budget 2024|https://www.mufuliracouncil.gov.zm/wp-content/uploads/2025/12/Approved-Budget-2024.pdf|047|Registration of clubs and societies|100,000|||108,200||116,099
2024|3|1|31|Approved Budget 2024|https://www.mufuliracouncil.gov.zm/wp-content/uploads/2025/12/Approved-Budget-2024.pdf|053|Certification of documents|45,000|||48,690||52,244
2024|3|1|32|Approved Budget 2024|https://www.mufuliracouncil.gov.zm/wp-content/uploads/2025/12/Approved-Budget-2024.pdf|063|Billboards and banners|157,000|||169,874||182,275
2024|3|1|33|Approved Budget 2024|https://www.mufuliracouncil.gov.zm/wp-content/uploads/2025/12/Approved-Budget-2024.pdf|064|Hire of Transport and Equipment|100,480|||108,719||116,656
2024|3|1|34|Approved Budget 2024|https://www.mufuliracouncil.gov.zm/wp-content/uploads/2025/12/Approved-Budget-2024.pdf|065|Council Minutes Extracts|3,750|||4,058||4,354
2024|3|1|35|Approved Budget 2024|https://www.mufuliracouncil.gov.zm/wp-content/uploads/2025/12/Approved-Budget-2024.pdf|066|Penalties|48,750|||52,748||56,598
2024|3|1|36|Approved Budget 2024|https://www.mufuliracouncil.gov.zm/wp-content/uploads/2025/12/Approved-Budget-2024.pdf|099|Other fees and charges|4,377,410|||5,376,945||5,266,709
2024|3|1|37|Approved Budget 2024|https://www.mufuliracouncil.gov.zm/wp-content/uploads/2025/12/Approved-Budget-2024.pdf||SubItem Total||8,833,776||10,218,658||10,405,101
2024|3|1|38|Approved Budget 2024|https://www.mufuliracouncil.gov.zm/wp-content/uploads/2025/12/Approved-Budget-2024.pdf|CODE|REVENUE DESCRIPTION|APPROVED BUDGET 2024|||REVISED BUDGET 2025||BUDGET ESTIMATE 2026
2024|3|1|39|Approved Budget 2024|https://www.mufuliracouncil.gov.zm/wp-content/uploads/2025/12/Approved-Budget-2024.pdf|03|Licenses||||||
2024|3|1|40|Approved Budget 2024|https://www.mufuliracouncil.gov.zm/wp-content/uploads/2025/12/Approved-Budget-2024.pdf|001|Occupancy licence|206,000|||222,892||239,163
2024|3|1|41|Approved Budget 2024|https://www.mufuliracouncil.gov.zm/wp-content/uploads/2025/12/Approved-Budget-2024.pdf|002|Liquor licence|72,000|||77,904||83,591
2024|3|1|42|Approved Budget 2024|https://www.mufuliracouncil.gov.zm/wp-content/uploads/2025/12/Approved-Budget-2024.pdf|003|Firearm and ammunition licence|75,000|||81,150||87,074
2024|3|1|43|Approved Budget 2024|https://www.mufuliracouncil.gov.zm/wp-content/uploads/2025/12/Approved-Budget-2024.pdf|004|Petroleum Storage licence|161,100|||174,310||187,035
2024|3|1|44|Approved Budget 2024|https://www.mufuliracouncil.gov.zm/wp-content/uploads/2025/12/Approved-Budget-2024.pdf|005|Dog licence|41,700|||41,700||41,700
2024|3|1|45|Approved Budget 2024|https://www.mufuliracouncil.gov.zm/wp-content/uploads/2025/12/Approved-Budget-2024.pdf|099|Other Licences|287,800|||311,400||334,132
2024|3|1|46|Approved Budget 2024|https://www.mufuliracouncil.gov.zm/wp-content/uploads/2025/12/Approved-Budget-2024.pdf||SubItem Total||843,600||909,356||972,695
2024|4|2|1|Approved Budget 2024|https://www.mufuliracouncil.gov.zm/wp-content/uploads/2025/12/Approved-Budget-2024.pdf|CODE|REVENUE DESCRIPTION|APPROVED BUDGET 2024||REVISED BUDGET 2025|BUDGET ESTIMATE 2026||
2024|4|2|2|Approved Budget 2024|https://www.mufuliracouncil.gov.zm/wp-content/uploads/2025/12/Approved-Budget-2024.pdf|04|Levies||||||
2024|4|2|3|Approved Budget 2024|https://www.mufuliracouncil.gov.zm/wp-content/uploads/2025/12/Approved-Budget-2024.pdf|011|Telecommunication Mast|382,260||413,605|443,799||
2024|4|2|4|Approved Budget 2024|https://www.mufuliracouncil.gov.zm/wp-content/uploads/2025/12/Approved-Budget-2024.pdf|017|Trading (Wholesale) Business Levy|601,310||650,617|698,112||
2024|4|2|5|Approved Budget 2024|https://www.mufuliracouncil.gov.zm/wp-content/uploads/2025/12/Approved-Budget-2024.pdf|018|Trading (Retail) Consumable groceries business|900,000||973,800|1,044,887||
2024|4|2|6|Approved Budget 2024|https://www.mufuliracouncil.gov.zm/wp-content/uploads/2025/12/Approved-Budget-2024.pdf|099|Other levies|4,500||5,356|5,224||
2024|4|2|7|Approved Budget 2024|https://www.mufuliracouncil.gov.zm/wp-content/uploads/2025/12/Approved-Budget-2024.pdf||SubItem Total||1,888,070|2,043,379|2,192,023||
2024|4|2|8|Approved Budget 2024|https://www.mufuliracouncil.gov.zm/wp-content/uploads/2025/12/Approved-Budget-2024.pdf|CODE|REVENUE DESCRIPTION|APPROVED BUDGET 2024||REVISED BUDGET 2025|BUDGET ESTIMATE 2026||
2024|4|2|9|Approved Budget 2024|https://www.mufuliracouncil.gov.zm/wp-content/uploads/2025/12/Approved-Budget-2024.pdf|05|Permits||||||
2024|4|2|10|Approved Budget 2024|https://www.mufuliracouncil.gov.zm/wp-content/uploads/2025/12/Approved-Budget-2024.pdf|001|Health permits|810,000||803,614|786,500||
2024|4|2|11|Approved Budget 2024|https://www.mufuliracouncil.gov.zm/wp-content/uploads/2025/12/Approved-Budget-2024.pdf|002|Permit for opaque beer|101,650||109,985|118,014||
2024|4|2|12|Approved Budget 2024|https://www.mufuliracouncil.gov.zm/wp-content/uploads/2025/12/Approved-Budget-2024.pdf|007|Nursery, pre-school permits|57,500||162,300|174,148||
2024|4|2|13|Approved Budget 2024|https://www.mufuliracouncil.gov.zm/wp-content/uploads/2025/12/Approved-Budget-2024.pdf|008|Burial permits and grave sites|628,240||680,275|729,935||
2024|4|2|14|Approved Budget 2024|https://www.mufuliracouncil.gov.zm/wp-content/uploads/2025/12/Approved-Budget-2024.pdf|009|Fire certificate|1,363,100||1,463,046|1,559,318||
2024|4|2|15|Approved Budget 2024|https://www.mufuliracouncil.gov.zm/wp-content/uploads/2025/12/Approved-Budget-2024.pdf|099|Primary, Secondary and Tertiary permits|30,000||32,460|34,830||
2024|4|2|16|Approved Budget 2024|https://www.mufuliracouncil.gov.zm/wp-content/uploads/2025/12/Approved-Budget-2024.pdf||SubItem Total||2,990,490|3,251,680|3,402,745||
2024|4|2|17|Approved Budget 2024|https://www.mufuliracouncil.gov.zm/wp-content/uploads/2025/12/Approved-Budget-2024.pdf|CODE|REVENUE DESCRIPTION|APPROVED BUDGET 2024||REVISED BUDGET 2025|BUDGET ESTIMATE 2026||
2024|4|2|18|Approved Budget 2024|https://www.mufuliracouncil.gov.zm/wp-content/uploads/2025/12/Approved-Budget-2024.pdf|06|Charges||||||
2024|4|2|19|Approved Budget 2024|https://www.mufuliracouncil.gov.zm/wp-content/uploads/2025/12/Approved-Budget-2024.pdf|003|Premium Plot- Residential|400,000||432,800|464,394||
2024|4|2|20|Approved Budget 2024|https://www.mufuliracouncil.gov.zm/wp-content/uploads/2025/12/Approved-Budget-2024.pdf|004|Premium Plot Commercial|860,000||930,520|998,448||
2024|4|2|21|Approved Budget 2024|https://www.mufuliracouncil.gov.zm/wp-content/uploads/2025/12/Approved-Budget-2024.pdf|011|Land regularisation|500,000||541,000|580,493||
2024|4|2|22|Approved Budget 2024|https://www.mufuliracouncil.gov.zm/wp-content/uploads/2025/12/Approved-Budget-2024.pdf|099|Land Charges|555,500||601,051|644,928||
2024|4|2|23|Approved Budget 2024|https://www.mufuliracouncil.gov.zm/wp-content/uploads/2025/12/Approved-Budget-2024.pdf||SubItem Total||2,315,500|2,505,371|2,688,263||
2024|4|2|24|Approved Budget 2024|https://www.mufuliracouncil.gov.zm/wp-content/uploads/2025/12/Approved-Budget-2024.pdf|CODE|REVENUE DESCRIPTION|APPROVED BUDGET 2024||REVISED BUDGET 2025|BUDGET ESTIMATE 2026||
2024|4|2|25|Approved Budget 2024|https://www.mufuliracouncil.gov.zm/wp-content/uploads/2025/12/Approved-Budget-2024.pdf|07|Other Incomes||||||
2024|4|2|26|Approved Budget 2024|https://www.mufuliracouncil.gov.zm/wp-content/uploads/2025/12/Approved-Budget-2024.pdf|099|Other Income|1,200,000||0|0||
2024|4|2|27|Approved Budget 2024|https://www.mufuliracouncil.gov.zm/wp-content/uploads/2025/12/Approved-Budget-2024.pdf||SubItem Total||1,200,000|0|0||
2024|4|2|28|Approved Budget 2024|https://www.mufuliracouncil.gov.zm/wp-content/uploads/2025/12/Approved-Budget-2024.pdf|CODE|REVENUE DESCRIPTION|APPROVED BUDGET 2024||REVISED BUDGET 2025|BUDGET ESTIMATE 2026||
2024|4|2|29|Approved Budget 2024|https://www.mufuliracouncil.gov.zm/wp-content/uploads/2025/12/Approved-Budget-2024.pdf|08|National Support (Grants)||||||
2024|4|2|30|Approved Budget 2024|https://www.mufuliracouncil.gov.zm/wp-content/uploads/2025/12/Approved-Budget-2024.pdf|002|Roads Grant|3,742,847||3,742,847|3,742,847||
2024|4|2|31|Approved Budget 2024|https://www.mufuliracouncil.gov.zm/wp-content/uploads/2025/12/Approved-Budget-2024.pdf|003|Health Grant|6,772,645||6,772,645|6,772,645||
2024|4|2|32|Approved Budget 2024|https://www.mufuliracouncil.gov.zm/wp-content/uploads/2025/12/Approved-Budget-2024.pdf|004|Local Government Equalisation Fund|12,767,534||15,195,919|14,822,928||
2024|4|2|33|Approved Budget 2024|https://www.mufuliracouncil.gov.zm/wp-content/uploads/2025/12/Approved-Budget-2024.pdf|099|Other Grants|359,987||359,987|359,987||
2024|4|2|34|Approved Budget 2024|https://www.mufuliracouncil.gov.zm/wp-content/uploads/2025/12/Approved-Budget-2024.pdf||SubItem Total||23,643,013|26,071,398|25,698,407||
2024|4|2|35|Approved Budget 2024|https://www.mufuliracouncil.gov.zm/wp-content/uploads/2025/12/Approved-Budget-2024.pdf|CODE|REVENUE DESCRIPTION|APPROVED BUDGET 2024||REVISED BUDGET 2025|BUDGET ESTIMATE 2026||
2024|4|2|36|Approved Budget 2024|https://www.mufuliracouncil.gov.zm/wp-content/uploads/2025/12/Approved-Budget-2024.pdf|09|Local Development Fund||||||
2024|4|2|37|Approved Budget 2024|https://www.mufuliracouncil.gov.zm/wp-content/uploads/2025/12/Approved-Budget-2024.pdf|001|Constituency Development Fund|91,906,926||99,443,294|106,702,654||
2024|4|2|38|Approved Budget 2024|https://www.mufuliracouncil.gov.zm/wp-content/uploads/2025/12/Approved-Budget-2024.pdf||SubItem Total||91,906,926|99,443,294|106,702,654||
2024|4|3|1|Approved Budget 2024|https://www.mufuliracouncil.gov.zm/wp-content/uploads/2025/12/Approved-Budget-2024.pdf|Grand Total|185,927,819|208,406,201|214,539,765||||
2024|5|4|1|Approved Budget 2024|https://www.mufuliracouncil.gov.zm/wp-content/uploads/2025/12/Approved-Budget-2024.pdf|No|ECONOMIC CLASSIFICATION|2022 APPROVED BUDGET (K)|2023 APPROVED BUDGET (K)|2024 BUDGET ESTIMATE (K)|||
2024|5|4|2|Approved Budget 2024|https://www.mufuliracouncil.gov.zm/wp-content/uploads/2025/12/Approved-Budget-2024.pdf|21 22 26 27 31 32 41 42|Personal Emoluments Goods and Services Grants and Other Payments(Transfers) Subsidies to Non-Financial Enterprises Non-Financial Assets Financial Assets Current Liabilities (Payable within one year) Long term Liabilities- payable for more than one year|(0) (0) (0) (0) (0) (0) (0) (0)|- - - - - - - -|42,021,815 45,241,922 6,984,926 17,462,316 58,885,483 10,477,390 4,146,453 707,513|||
2024|5|4|3|Approved Budget 2024|https://www.mufuliracouncil.gov.zm/wp-content/uploads/2025/12/Approved-Budget-2024.pdf||Head Total|(0)|-|185,927,819|||
2024|6|5|1|Approved Budget 2024|https://www.mufuliracouncil.gov.zm/wp-content/uploads/2025/12/Approved-Budget-2024.pdf|Code|Programme|2022 Approved Budget(K)|2023 Approved Budget(K)|2024 Budget Estimates(K)|||
2024|6|5|2|Approved Budget 2024|https://www.mufuliracouncil.gov.zm/wp-content/uploads/2025/12/Approved-Budget-2024.pdf|1 2 3 5 6 7 8 10 11 12 13 14 15|Constituency Development Local Governance Integrated Development Planning Public Health and Environmental Protection Housing and Community Amenities Recreation Culture and Religion Education and Skills Development Public Order and Safety Management and Support Services Resource Mobilisation and Management District Health Services Veterinary services Transport Services|(0)|- - - - - - - - - - - - -|91,906,926 3,815,823 1,516,895 3,220,327 4,551,415 3,402,364 165,065 2,543,665 59,880,219 4,316,023 6,772,644 93,607 3,742,847|||
2024|6|5|3|Approved Budget 2024|https://www.mufuliracouncil.gov.zm/wp-content/uploads/2025/12/Approved-Budget-2024.pdf|||(0)|||||
2024|6|5|4|Approved Budget 2024|https://www.mufuliracouncil.gov.zm/wp-content/uploads/2025/12/Approved-Budget-2024.pdf|||(0)|||||
2024|6|5|5|Approved Budget 2024|https://www.mufuliracouncil.gov.zm/wp-content/uploads/2025/12/Approved-Budget-2024.pdf|||(0)|||||
2024|6|5|6|Approved Budget 2024|https://www.mufuliracouncil.gov.zm/wp-content/uploads/2025/12/Approved-Budget-2024.pdf|||(0)|||||
2024|6|5|7|Approved Budget 2024|https://www.mufuliracouncil.gov.zm/wp-content/uploads/2025/12/Approved-Budget-2024.pdf|||(0)|||||
2024|6|5|8|Approved Budget 2024|https://www.mufuliracouncil.gov.zm/wp-content/uploads/2025/12/Approved-Budget-2024.pdf|||(0)|||||
2024|6|5|9|Approved Budget 2024|https://www.mufuliracouncil.gov.zm/wp-content/uploads/2025/12/Approved-Budget-2024.pdf|||(0)|||||
2024|6|5|10|Approved Budget 2024|https://www.mufuliracouncil.gov.zm/wp-content/uploads/2025/12/Approved-Budget-2024.pdf|||(0)|||||
2024|6|5|11|Approved Budget 2024|https://www.mufuliracouncil.gov.zm/wp-content/uploads/2025/12/Approved-Budget-2024.pdf|||(0)|||||
2024|6|5|12|Approved Budget 2024|https://www.mufuliracouncil.gov.zm/wp-content/uploads/2025/12/Approved-Budget-2024.pdf|||(0)|||||
2024|6|5|13|Approved Budget 2024|https://www.mufuliracouncil.gov.zm/wp-content/uploads/2025/12/Approved-Budget-2024.pdf|||(0)|||||
2024|6|5|14|Approved Budget 2024|https://www.mufuliracouncil.gov.zm/wp-content/uploads/2025/12/Approved-Budget-2024.pdf|||(0)|||||
2024|6|5|15|Approved Budget 2024|https://www.mufuliracouncil.gov.zm/wp-content/uploads/2025/12/Approved-Budget-2024.pdf||Head Total|(0)|-|185,927,819|||
2024|7|6|1|Approved Budget 2024|https://www.mufuliracouncil.gov.zm/wp-content/uploads/2025/12/Approved-Budget-2024.pdf|PROGRAMME/SUB-PROGRAMME|2022 BUDGET||2023 BUDGET||2024 BUDGET||
2024|7|6|2|Approved Budget 2024|https://www.mufuliracouncil.gov.zm/wp-content/uploads/2025/12/Approved-Budget-2024.pdf||Approved|Expendit ure|Approved|Expendit ure*|Estimate||
2024|7|6|3|Approved Budget 2024|https://www.mufuliracouncil.gov.zm/wp-content/uploads/2025/12/Approved-Budget-2024.pdf|1|||||||
2024|8|7|1|Approved Budget 2024|https://www.mufuliracouncil.gov.zm/wp-content/uploads/2025/12/Approved-Budget-2024.pdf|||(0) (0) (0) (0)|(0) (0) (0) (0)|- - - -|(0) (0) (0) (0)||
2024|8|7|2|Approved Budget 2024|https://www.mufuliracouncil.gov.zm/wp-content/uploads/2025/12/Approved-Budget-2024.pdf|Head Total||(0)|(0)|-|(0)|185,927,819|
2024|10|8|1|Approved Budget 2024|https://www.mufuliracouncil.gov.zm/wp-content/uploads/2025/12/Approved-Budget-2024.pdf|ECONOMIC CLASSIFICATION|2022 BUDGET|||2023 BUDGET||2024 BUDGET|
2024|10|8|2|Approved Budget 2024|https://www.mufuliracouncil.gov.zm/wp-content/uploads/2025/12/Approved-Budget-2024.pdf||Approved|Expendit ure||Approved|Expendit ure*|Estimates|
2024|10|8|3|Approved Budget 2024|https://www.mufuliracouncil.gov.zm/wp-content/uploads/2025/12/Approved-Budget-2024.pdf|02Use of Goods and Services 02General Operations 03Transfers 01Transfers 02Subsidies 04Assets 01Non-Financial Assets (Capital Expenditure) 02Financial Assets|- - - - - - - -|- - - - - - - -||-|-|4,595,346 4,595,346 24,447,242 6,984,926 17,462,316 62,864,337 52,386,948 10,477,390|
2024|10|8|4|Approved Budget 2024|https://www.mufuliracouncil.gov.zm/wp-content/uploads/2025/12/Approved-Budget-2024.pdf|||||-|-||
2024|10|8|5|Approved Budget 2024|https://www.mufuliracouncil.gov.zm/wp-content/uploads/2025/12/Approved-Budget-2024.pdf|||||-|-||
2024|10|8|6|Approved Budget 2024|https://www.mufuliracouncil.gov.zm/wp-content/uploads/2025/12/Approved-Budget-2024.pdf|||||-|-||
2024|10|8|7|Approved Budget 2024|https://www.mufuliracouncil.gov.zm/wp-content/uploads/2025/12/Approved-Budget-2024.pdf|||||-|-||
2024|10|8|8|Approved Budget 2024|https://www.mufuliracouncil.gov.zm/wp-content/uploads/2025/12/Approved-Budget-2024.pdf|||||-|-||
2024|10|8|9|Approved Budget 2024|https://www.mufuliracouncil.gov.zm/wp-content/uploads/2025/12/Approved-Budget-2024.pdf|||||-|-||
2024|10|8|10|Approved Budget 2024|https://www.mufuliracouncil.gov.zm/wp-content/uploads/2025/12/Approved-Budget-2024.pdf|||||-|-||
2024|10|8|11|Approved Budget 2024|https://www.mufuliracouncil.gov.zm/wp-content/uploads/2025/12/Approved-Budget-2024.pdf|Programme Total|(0)|(0)||-|(0)|91,906,926|
2024|10|9|1|Approved Budget 2024|https://www.mufuliracouncil.gov.zm/wp-content/uploads/2025/12/Approved-Budget-2024.pdf|PROGRAMME/SUBPROGRAMME|2022 BUDGET||2023 BUDGET||2024 BUDGET||
2024|10|9|2|Approved Budget 2024|https://www.mufuliracouncil.gov.zm/wp-content/uploads/2025/12/Approved-Budget-2024.pdf||Approved|Expendit ure|Approved|Expendit ure*|Estimates||
2024|10|10|1|Approved Budget 2024|https://www.mufuliracouncil.gov.zm/wp-content/uploads/2025/12/Approved-Budget-2024.pdf|Programme Total|(0)|(0)|||- (0)|9911,9,90066,9,92266|
2024|11|11|1|Approved Budget 2024|https://www.mufuliracouncil.gov.zm/wp-content/uploads/2025/12/Approved-Budget-2024.pdf|Key Output and Output Indicator|2022||2023||2024||
2024|11|11|2|Approved Budget 2024|https://www.mufuliracouncil.gov.zm/wp-content/uploads/2025/12/Approved-Budget-2024.pdf||Target|Actual|Target|Actual*|Target||
2024|11|12|1|Approved Budget 2024|https://www.mufuliracouncil.gov.zm/wp-content/uploads/2025/12/Approved-Budget-2024.pdf|Administrating 2024 CDF Funds 01 2024 CDF funds administered for 3 Constituencies|-|-|-|-|3||
2024|12|13|1|Approved Budget 2024|https://www.mufuliracouncil.gov.zm/wp-content/uploads/2025/12/Approved-Budget-2024.pdf|ECONOMIC CLASSIFICATION|2022 BUDGET|||2023 BUDGET||2024 BUDGET|
2024|12|13|2|Approved Budget 2024|https://www.mufuliracouncil.gov.zm/wp-content/uploads/2025/12/Approved-Budget-2024.pdf||Approved|Expendit ure||Approved|Expendit ure*|Estimates|
2024|12|13|3|Approved Budget 2024|https://www.mufuliracouncil.gov.zm/wp-content/uploads/2025/12/Approved-Budget-2024.pdf|01Personal Emoluments 02Other Emoluments 01Socio-Economic 02Use of Goods and Services 02General Operations 01Socio-Economic 04Assets 01Non-Financial Assets (Capital Expenditure)|- - - - - - - -|- - - - - - - -||-|-|120,000 120,000 120,000 3,230,010 3,230,010 425,500 465,813 465,813|
2024|12|13|4|Approved Budget 2024|https://www.mufuliracouncil.gov.zm/wp-content/uploads/2025/12/Approved-Budget-2024.pdf|||||-|-||
2024|12|13|5|Approved Budget 2024|https://www.mufuliracouncil.gov.zm/wp-content/uploads/2025/12/Approved-Budget-2024.pdf|||||-|-||
2024|12|13|6|Approved Budget 2024|https://www.mufuliracouncil.gov.zm/wp-content/uploads/2025/12/Approved-Budget-2024.pdf|||||-|-||
2024|12|13|7|Approved Budget 2024|https://www.mufuliracouncil.gov.zm/wp-content/uploads/2025/12/Approved-Budget-2024.pdf|||||-|-||
2024|12|13|8|Approved Budget 2024|https://www.mufuliracouncil.gov.zm/wp-content/uploads/2025/12/Approved-Budget-2024.pdf|||||-|-||
2024|12|13|9|Approved Budget 2024|https://www.mufuliracouncil.gov.zm/wp-content/uploads/2025/12/Approved-Budget-2024.pdf|||||-|-||
2024|12|13|10|Approved Budget 2024|https://www.mufuliracouncil.gov.zm/wp-content/uploads/2025/12/Approved-Budget-2024.pdf|||||-|-||
2024|12|13|11|Approved Budget 2024|https://www.mufuliracouncil.gov.zm/wp-content/uploads/2025/12/Approved-Budget-2024.pdf|Programme Total|(0)|(0)||-|(0)|3,815,823|
2024|12|14|1|Approved Budget 2024|https://www.mufuliracouncil.gov.zm/wp-content/uploads/2025/12/Approved-Budget-2024.pdf|PROGRAMME/SUBPROGRAMME|2022 BUDGET||2023 BUDGET|||2024 BUDGET|
2024|12|14|2|Approved Budget 2024|https://www.mufuliracouncil.gov.zm/wp-content/uploads/2025/12/Approved-Budget-2024.pdf||Approved|Expendit ure|Approved||Expendit ure*|Estimates|
2024|12|14|3|Approved Budget 2024|https://www.mufuliracouncil.gov.zm/wp-content/uploads/2025/12/Approved-Budget-2024.pdf|2 Local Governance 044Legislative Function 045Citizen Engagement|(0) (0) (0)|(0) (0)|- - -||(0) (0)|3,815,823 3,270,323 545,500|
2024|12|14|4|Approved Budget 2024|https://www.mufuliracouncil.gov.zm/wp-content/uploads/2025/12/Approved-Budget-2024.pdf|Programme Total|(0)|(0)|||- (0)|3,38,1851,58,28323|
2024|13|15|1|Approved Budget 2024|https://www.mufuliracouncil.gov.zm/wp-content/uploads/2025/12/Approved-Budget-2024.pdf|Key Output and Output Indicator|2022||2023||2024||
2024|13|15|2|Approved Budget 2024|https://www.mufuliracouncil.gov.zm/wp-content/uploads/2025/12/Approved-Budget-2024.pdf||Target|Actual|Target|Actual*|Target||
2024|13|15|3|Approved Budget 2024|https://www.mufuliracouncil.gov.zm/wp-content/uploads/2025/12/Approved-Budget-2024.pdf|Ordinary Council Meeting Held 01 Holding ordinary council meetings|-|-|-|-|4||
2024|13|15|4|Approved Budget 2024|https://www.mufuliracouncil.gov.zm/wp-content/uploads/2025/12/Approved-Budget-2024.pdf|Standing Committees held 01 Holding Committee meeting|-|-|-|-|16||
2024|13|15|5|Approved Budget 2024|https://www.mufuliracouncil.gov.zm/wp-content/uploads/2025/12/Approved-Budget-2024.pdf|Special Ordinary Council meeting held 01 Holding Special Ordinary Council meetings|-|-|-|-|2||
2024|13|15|6|Approved Budget 2024|https://www.mufuliracouncil.gov.zm/wp-content/uploads/2025/12/Approved-Budget-2024.pdf|Ward development fund elections held 01 Ward development committees elections held|-|-|-|-|30||
2024|14|16|1|Approved Budget 2024|https://www.mufuliracouncil.gov.zm/wp-content/uploads/2025/12/Approved-Budget-2024.pdf|ECONOMIC CLASSIFICATION|2022 BUDGET|||2023 BUDGET||2024 BUDGET|
2024|14|16|2|Approved Budget 2024|https://www.mufuliracouncil.gov.zm/wp-content/uploads/2025/12/Approved-Budget-2024.pdf||Approved|Expendit ure||Approved|Expendit ure*|Estimates|
2024|14|16|3|Approved Budget 2024|https://www.mufuliracouncil.gov.zm/wp-content/uploads/2025/12/Approved-Budget-2024.pdf|02Use of Goods and Services 02General Operations|- -|- -||-|-|1,516,895 1,516,895|
2024|14|16|4|Approved Budget 2024|https://www.mufuliracouncil.gov.zm/wp-content/uploads/2025/12/Approved-Budget-2024.pdf|||||-|-||
2024|14|16|5|Approved Budget 2024|https://www.mufuliracouncil.gov.zm/wp-content/uploads/2025/12/Approved-Budget-2024.pdf|Programme Total|(0)|(0)||-|(0)|1,516,895|
2024|14|17|1|Approved Budget 2024|https://www.mufuliracouncil.gov.zm/wp-content/uploads/2025/12/Approved-Budget-2024.pdf|PROGRAMME/SUBPROGRAMME|2022 BUDGET||2023 BUDGET|||2024 BUDGET|
2024|14|17|2|Approved Budget 2024|https://www.mufuliracouncil.gov.zm/wp-content/uploads/2025/12/Approved-Budget-2024.pdf||Approved|Expendit ure|Approved||Expendit ure*|Estimates|
2024|14|17|3|Approved Budget 2024|https://www.mufuliracouncil.gov.zm/wp-content/uploads/2025/12/Approved-Budget-2024.pdf|3 Integrated Development Planning 021Spatial Planning 033Socio Economic Planning|(0) (0) (0)|(0) (0)|- - -||(0) (0)|1,516,895 108,220 1,408,675|
2024|14|17|4|Approved Budget 2024|https://www.mufuliracouncil.gov.zm/wp-content/uploads/2025/12/Approved-Budget-2024.pdf|Programme Total|(0)|(0)|||- (0)|1,15,1561,68,98595|
2024|15|18|1|Approved Budget 2024|https://www.mufuliracouncil.gov.zm/wp-content/uploads/2025/12/Approved-Budget-2024.pdf|Key Output and Output Indicator|2022||2023||2024||
2024|15|18|2|Approved Budget 2024|https://www.mufuliracouncil.gov.zm/wp-content/uploads/2025/12/Approved-Budget-2024.pdf||Target|Actual|Target|Actual*|Target||
2024|15|18|3|Approved Budget 2024|https://www.mufuliracouncil.gov.zm/wp-content/uploads/2025/12/Approved-Budget-2024.pdf|Surveying of parcel of land 01 Land Surveyed|(0)|-|-|-|500||
2024|15|18|4|Approved Budget 2024|https://www.mufuliracouncil.gov.zm/wp-content/uploads/2025/12/Approved-Budget-2024.pdf|Strategic Plan Formulated and Reviewed 01 Strategic Plan for Mufulira Municipal Council|(0)|(0)|(0)|(0)|1||
2024|16|19|1|Approved Budget 2024|https://www.mufuliracouncil.gov.zm/wp-content/uploads/2025/12/Approved-Budget-2024.pdf|ECONOMIC CLASSIFICATION|2022 BUDGET|||2023 BUDGET||2024 BUDGET|
2024|16|19|2|Approved Budget 2024|https://www.mufuliracouncil.gov.zm/wp-content/uploads/2025/12/Approved-Budget-2024.pdf||Approved|Expendit ure||Approved|Expendit ure*|Estimates|
2024|16|19|3|Approved Budget 2024|https://www.mufuliracouncil.gov.zm/wp-content/uploads/2025/12/Approved-Budget-2024.pdf|02Use of Goods and Services 02General Operations 04Assets 01Non-Financial Assets (Capital Expenditure)|- - - -|- - - -||-|-|2,142,377 2,142,377 1,077,950 1,077,950|
2024|16|19|4|Approved Budget 2024|https://www.mufuliracouncil.gov.zm/wp-content/uploads/2025/12/Approved-Budget-2024.pdf|||||-|-||
2024|16|19|5|Approved Budget 2024|https://www.mufuliracouncil.gov.zm/wp-content/uploads/2025/12/Approved-Budget-2024.pdf|||||-|-||
2024|16|19|6|Approved Budget 2024|https://www.mufuliracouncil.gov.zm/wp-content/uploads/2025/12/Approved-Budget-2024.pdf|||||-|-||
2024|16|19|7|Approved Budget 2024|https://www.mufuliracouncil.gov.zm/wp-content/uploads/2025/12/Approved-Budget-2024.pdf|Programme Total|(0)|(0)||-|(0)|3,220,327|
2024|16|20|1|Approved Budget 2024|https://www.mufuliracouncil.gov.zm/wp-content/uploads/2025/12/Approved-Budget-2024.pdf|PROGRAMME/SUBPROGRAMME|2022 BUDGET||2023 BUDGET|||2024 BUDGET|
2024|16|20|2|Approved Budget 2024|https://www.mufuliracouncil.gov.zm/wp-content/uploads/2025/12/Approved-Budget-2024.pdf||Approved|Expendit ure|Approved||Expendit ure*|Estimates|
2024|16|20|3|Approved Budget 2024|https://www.mufuliracouncil.gov.zm/wp-content/uploads/2025/12/Approved-Budget-2024.pdf|5 Public Health and Environmental Protection 015Cemetery and Funeral Services 019Health Inspections 023Pest Control 027Solid Waste Management|(0) (0) (0) (0) (0)|(0) (0) (0) (0)|- - - - -||(0) (0) (0) (0)|3,220,327 185,050 311,501 427,416 2,296,360|
2024|16|20|4|Approved Budget 2024|https://www.mufuliracouncil.gov.zm/wp-content/uploads/2025/12/Approved-Budget-2024.pdf|Programme Total|(0)|(0)|||- (0)|3,32,2202,03,23727|
2024|17|21|1|Approved Budget 2024|https://www.mufuliracouncil.gov.zm/wp-content/uploads/2025/12/Approved-Budget-2024.pdf|Key Output and Output Indicator|2022||2023||2024||
2024|17|21|2|Approved Budget 2024|https://www.mufuliracouncil.gov.zm/wp-content/uploads/2025/12/Approved-Budget-2024.pdf||Target|Actual|Target|Actual*|Target||
2024|17|21|3|Approved Budget 2024|https://www.mufuliracouncil.gov.zm/wp-content/uploads/2025/12/Approved-Budget-2024.pdf|Registered and rabies free dogs 01 Percentage of Dogs vaccinated against rabies|-|-|-|-|100||
2024|17|21|4|Approved Budget 2024|https://www.mufuliracouncil.gov.zm/wp-content/uploads/2025/12/Approved-Budget-2024.pdf|Clean, disease free and sustainable environment 01 Solid waste collected (Refuse Collection)|-|-|-|-|100||
2024|18|22|1|Approved Budget 2024|https://www.mufuliracouncil.gov.zm/wp-content/uploads/2025/12/Approved-Budget-2024.pdf|ECONOMIC CLASSIFICATION|2022 BUDGET|||2023 BUDGET||2024 BUDGET|
2024|18|22|2|Approved Budget 2024|https://www.mufuliracouncil.gov.zm/wp-content/uploads/2025/12/Approved-Budget-2024.pdf||Approved|Expendit ure||Approved|Expendit ure*|Estimates|
2024|18|22|3|Approved Budget 2024|https://www.mufuliracouncil.gov.zm/wp-content/uploads/2025/12/Approved-Budget-2024.pdf|02Use of Goods and Services 02General Operations 04Assets 01Non-Financial Assets (Capital Expenditure)|- - - -|- - - -||-|-|3,674,465 3,674,465 876,950 876,950|
2024|18|22|4|Approved Budget 2024|https://www.mufuliracouncil.gov.zm/wp-content/uploads/2025/12/Approved-Budget-2024.pdf|||||-|-||
2024|18|22|5|Approved Budget 2024|https://www.mufuliracouncil.gov.zm/wp-content/uploads/2025/12/Approved-Budget-2024.pdf|||||-|-||
2024|18|22|6|Approved Budget 2024|https://www.mufuliracouncil.gov.zm/wp-content/uploads/2025/12/Approved-Budget-2024.pdf|||||-|-||
2024|18|22|7|Approved Budget 2024|https://www.mufuliracouncil.gov.zm/wp-content/uploads/2025/12/Approved-Budget-2024.pdf|Programme Total|(0)|(0)||-|(0)|4,551,415|
2024|18|23|1|Approved Budget 2024|https://www.mufuliracouncil.gov.zm/wp-content/uploads/2025/12/Approved-Budget-2024.pdf|PROGRAMME/SUBPROGRAMME|2022 BUDGET||2023 BUDGET|||2024 BUDGET|
2024|18|23|2|Approved Budget 2024|https://www.mufuliracouncil.gov.zm/wp-content/uploads/2025/12/Approved-Budget-2024.pdf||Approved|Expendit ure|Approved||Expendit ure*|Estimates|
2024|18|23|3|Approved Budget 2024|https://www.mufuliracouncil.gov.zm/wp-content/uploads/2025/12/Approved-Budget-2024.pdf|6 Housing and Community Amenities 007Parks and Gardens 012Markets and Bus Stations 026Public Housing 029Roads and Drainages 031Street Lighting|(0) (0) (0) (0) (0) (0)|(0) (0) (0) (0) (0)|- - - - - -||(0) (0) (0) (0) (0)|4,551,415 515,950 1,048,870 1,096,710 1,076,780 813,105|
2024|18|23|4|Approved Budget 2024|https://www.mufuliracouncil.gov.zm/wp-content/uploads/2025/12/Approved-Budget-2024.pdf|Programme Total|(0)|(0)|||- (0)|4,45,5515,14,14515|
2024|19|24|1|Approved Budget 2024|https://www.mufuliracouncil.gov.zm/wp-content/uploads/2025/12/Approved-Budget-2024.pdf|Key Output and Output Indicator|2022||2023||2024||
2024|19|24|2|Approved Budget 2024|https://www.mufuliracouncil.gov.zm/wp-content/uploads/2025/12/Approved-Budget-2024.pdf||Target|Actual|Target|Actual*|Target||
2024|19|24|3|Approved Budget 2024|https://www.mufuliracouncil.gov.zm/wp-content/uploads/2025/12/Approved-Budget-2024.pdf|Free falling of trees controlled 01 Percentage of trees in the district trimmed.|-|-|-|-|100||
2024|19|24|4|Approved Budget 2024|https://www.mufuliracouncil.gov.zm/wp-content/uploads/2025/12/Approved-Budget-2024.pdf|Social Amenities Provided 01 Households in Settlement areas Registered and Numbered 02 Sensitizations conducted|- -|- -|- -|- -|100 1||
2024|19|25|1|Approved Budget 2024|https://www.mufuliracouncil.gov.zm/wp-content/uploads/2025/12/Approved-Budget-2024.pdf|Patrons accessing Council libraries number increased 01 Library patrons Registered 02 Books Procured|- -|- -|- -|- -|113 6||
2024|19|25|2|Approved Budget 2024|https://www.mufuliracouncil.gov.zm/wp-content/uploads/2025/12/Approved-Budget-2024.pdf|Social Amenities Created 01 Social amenities made available in the district 02 Construction of 3 types Low houses in the district|1 -|1 -|1 -|1 -|1 1||
2024|19|25|3|Approved Budget 2024|https://www.mufuliracouncil.gov.zm/wp-content/uploads/2025/12/Approved-Budget-2024.pdf|Outstanding Construction and maintenance by 2023 01 Maintained and renovated council properties/buildings 02 New council buildings constracted|- -|- -|- -|- -|100 3||
2024|19|25|4|Approved Budget 2024|https://www.mufuliracouncil.gov.zm/wp-content/uploads/2025/12/Approved-Budget-2024.pdf|Buildings conforming to standard 01 Buildings comforming to standards in the district|-|-|-|-|100||
2024|19|26|1|Approved Budget 2024|https://www.mufuliracouncil.gov.zm/wp-content/uploads/2025/12/Approved-Budget-2024.pdf|street lights Maintained and Rehabilitated 01 Maitanance and rehabilitation of street lights in the district 02 Installation of 20 1 in all solar street lights in the district|- -|- -|- -|- -|100 20||
2024|20|27|1|Approved Budget 2024|https://www.mufuliracouncil.gov.zm/wp-content/uploads/2025/12/Approved-Budget-2024.pdf|ECONOMIC CLASSIFICATION|2022 BUDGET|||2023 BUDGET||2024 BUDGET|
2024|20|27|2|Approved Budget 2024|https://www.mufuliracouncil.gov.zm/wp-content/uploads/2025/12/Approved-Budget-2024.pdf||Approved|Expendit ure||Approved|Expendit ure*|Estimates|
2024|20|27|3|Approved Budget 2024|https://www.mufuliracouncil.gov.zm/wp-content/uploads/2025/12/Approved-Budget-2024.pdf|01Personal Emoluments 02Other Emoluments 03Personnel Related Costs 02Use of Goods and Services 02General Operations 01Cultural Affairs 01Housing and Social Services 04Assets 01Non-Financial Assets (Capital Expenditure)|- - - - - - - - -|- - - - - - - - -||-|-|976,000 328,000 648,000 2,204,531 2,204,531 55,058 2,025,663 221,833 221,833|
2024|20|27|4|Approved Budget 2024|https://www.mufuliracouncil.gov.zm/wp-content/uploads/2025/12/Approved-Budget-2024.pdf|||||-|-||
2024|20|27|5|Approved Budget 2024|https://www.mufuliracouncil.gov.zm/wp-content/uploads/2025/12/Approved-Budget-2024.pdf|||||-|-||
2024|20|27|6|Approved Budget 2024|https://www.mufuliracouncil.gov.zm/wp-content/uploads/2025/12/Approved-Budget-2024.pdf|||||-|-||
2024|20|27|7|Approved Budget 2024|https://www.mufuliracouncil.gov.zm/wp-content/uploads/2025/12/Approved-Budget-2024.pdf|||||-|-||
2024|20|27|8|Approved Budget 2024|https://www.mufuliracouncil.gov.zm/wp-content/uploads/2025/12/Approved-Budget-2024.pdf|||||-|-||
2024|20|27|9|Approved Budget 2024|https://www.mufuliracouncil.gov.zm/wp-content/uploads/2025/12/Approved-Budget-2024.pdf|||||-|-||
2024|20|27|10|Approved Budget 2024|https://www.mufuliracouncil.gov.zm/wp-content/uploads/2025/12/Approved-Budget-2024.pdf|||||-|-||
2024|20|27|11|Approved Budget 2024|https://www.mufuliracouncil.gov.zm/wp-content/uploads/2025/12/Approved-Budget-2024.pdf|||||-|-||
2024|20|27|12|Approved Budget 2024|https://www.mufuliracouncil.gov.zm/wp-content/uploads/2025/12/Approved-Budget-2024.pdf|Programme Total|(0)|(0)||-|(0)|3,402,364|
2024|20|28|1|Approved Budget 2024|https://www.mufuliracouncil.gov.zm/wp-content/uploads/2025/12/Approved-Budget-2024.pdf|PROGRAMME/SUBPROGRAMME|2022 BUDGET||2023 BUDGET|||2024 BUDGET|
2024|20|28|2|Approved Budget 2024|https://www.mufuliracouncil.gov.zm/wp-content/uploads/2025/12/Approved-Budget-2024.pdf||Approved|Expendit ure|Approved||Expendit ure*|Estimates|
2024|20|28|3|Approved Budget 2024|https://www.mufuliracouncil.gov.zm/wp-content/uploads/2025/12/Approved-Budget-2024.pdf|7 Recreation Culture and Religion 001Cultural Affairs 039Library Services 042Sports Promotion|(0) (0) (0) (0)|(0) (0) (0)|- - - -||(0) (0) (0)|3,402,364 72,858 327,843 3,001,663|
2024|20|28|4|Approved Budget 2024|https://www.mufuliracouncil.gov.zm/wp-content/uploads/2025/12/Approved-Budget-2024.pdf|Programme Total|(0)|(0)|||- (0)|3,34,0420,23,63464|
2024|21|29|1|Approved Budget 2024|https://www.mufuliracouncil.gov.zm/wp-content/uploads/2025/12/Approved-Budget-2024.pdf|Key Output and Output Indicator|2022||2023||2024||
2024|21|29|2|Approved Budget 2024|https://www.mufuliracouncil.gov.zm/wp-content/uploads/2025/12/Approved-Budget-2024.pdf||Target|Actual|Target|Actual*|Target||
2024|21|29|3|Approved Budget 2024|https://www.mufuliracouncil.gov.zm/wp-content/uploads/2025/12/Approved-Budget-2024.pdf|Enhanced and effective marriage solemnization 01 Marriages solemnized|-|-|-|-|100||
2024|21|29|4|Approved Budget 2024|https://www.mufuliracouncil.gov.zm/wp-content/uploads/2025/12/Approved-Budget-2024.pdf|National Archieve Services 01 Records Surveyed|-|-|-|-|1||
2024|21|29|5|Approved Budget 2024|https://www.mufuliracouncil.gov.zm/wp-content/uploads/2025/12/Approved-Budget-2024.pdf|Increase in the number of patrons accessing the library service 01 Patrons accessing libraries|-|-|-|-|100||
2024|21|29|6|Approved Budget 2024|https://www.mufuliracouncil.gov.zm/wp-content/uploads/2025/12/Approved-Budget-2024.pdf|Social amenities made available 01 Social amenities made available|-|-|-|-|100||
2024|21|29|7|Approved Budget 2024|https://www.mufuliracouncil.gov.zm/wp-content/uploads/2025/12/Approved-Budget-2024.pdf|To increase sports participation in the community and the Local Authority staff 01 Sports participation|-|-|-|-|100||
2024|21|29|8|Approved Budget 2024|https://www.mufuliracouncil.gov.zm/wp-content/uploads/2025/12/Approved-Budget-2024.pdf|Persons with Disabilities participating in sports by sex and age 02 Community Sports Tournaments Increased 03 Participants in Community Sports 04 Sports Persons Reached 05 Sports Infrastructure Rehabilitated|- - - -|- - - -|- - - -|- - - -|2 2,000 2,000 1||
2024|21|29|9|Approved Budget 2024|https://www.mufuliracouncil.gov.zm/wp-content/uploads/2025/12/Approved-Budget-2024.pdf|Number of Community tournaments held 01 Community tournaments held|-|-|-|-|2||
2024|21|29|10|Approved Budget 2024|https://www.mufuliracouncil.gov.zm/wp-content/uploads/2025/12/Approved-Budget-2024.pdf|Number of women participating in Community sports by age 02 Women particpating in community sports by age|-|-|-|-|1||
2024|21|29|11|Approved Budget 2024|https://www.mufuliracouncil.gov.zm/wp-content/uploads/2025/12/Approved-Budget-2024.pdf|Community Sport facilities 01 Sports facilities|(0)|(0)|(0)|(0)|2||
2024|22|30|1|Approved Budget 2024|https://www.mufuliracouncil.gov.zm/wp-content/uploads/2025/12/Approved-Budget-2024.pdf|ECONOMIC CLASSIFICATION|2022 BUDGET|||2023 BUDGET||2024 BUDGET|
2024|22|30|2|Approved Budget 2024|https://www.mufuliracouncil.gov.zm/wp-content/uploads/2025/12/Approved-Budget-2024.pdf||Approved|Expendit ure||Approved|Expendit ure*|Estimates|
2024|22|30|3|Approved Budget 2024|https://www.mufuliracouncil.gov.zm/wp-content/uploads/2025/12/Approved-Budget-2024.pdf|02Use of Goods and Services 02General Operations 04Assets 01Non-Financial Assets (Capital Expenditure)|- - - -|- - - -||-|-|130,665 130,665 34,400 34,400|
2024|22|30|4|Approved Budget 2024|https://www.mufuliracouncil.gov.zm/wp-content/uploads/2025/12/Approved-Budget-2024.pdf|||||-|-||
2024|22|30|5|Approved Budget 2024|https://www.mufuliracouncil.gov.zm/wp-content/uploads/2025/12/Approved-Budget-2024.pdf|||||-|-||
2024|22|30|6|Approved Budget 2024|https://www.mufuliracouncil.gov.zm/wp-content/uploads/2025/12/Approved-Budget-2024.pdf|||||-|-||
2024|22|30|7|Approved Budget 2024|https://www.mufuliracouncil.gov.zm/wp-content/uploads/2025/12/Approved-Budget-2024.pdf|Programme Total|(0)|(0)||-|(0)|165,065|
2024|22|31|1|Approved Budget 2024|https://www.mufuliracouncil.gov.zm/wp-content/uploads/2025/12/Approved-Budget-2024.pdf|PROGRAMME/SUBPROGRAMME|2022 BUDGET||2023 BUDGET|||2024 BUDGET|
2024|22|31|2|Approved Budget 2024|https://www.mufuliracouncil.gov.zm/wp-content/uploads/2025/12/Approved-Budget-2024.pdf||Approved|Expendit ure|Approved||Expendit ure*|Estimates|
2024|22|31|3|Approved Budget 2024|https://www.mufuliracouncil.gov.zm/wp-content/uploads/2025/12/Approved-Budget-2024.pdf|8 Education and Skills Development 010Adult Literacy|(0) (0)|(0)|- -||(0)|165,065 165,065|
2024|22|31|4|Approved Budget 2024|https://www.mufuliracouncil.gov.zm/wp-content/uploads/2025/12/Approved-Budget-2024.pdf|Programme Total|(0)|(0)|||- (0)|1651,6056,5065|
2024|23|32|1|Approved Budget 2024|https://www.mufuliracouncil.gov.zm/wp-content/uploads/2025/12/Approved-Budget-2024.pdf|Key Output and Output Indicator|2022||2023||2024||
2024|23|32|2|Approved Budget 2024|https://www.mufuliracouncil.gov.zm/wp-content/uploads/2025/12/Approved-Budget-2024.pdf||Target|Actual|Target|Actual*|Target||
2024|23|32|3|Approved Budget 2024|https://www.mufuliracouncil.gov.zm/wp-content/uploads/2025/12/Approved-Budget-2024.pdf|Increase Literacy levels in adult and skills awarding 01 Adults registered in literacy classes in Mufulira district 02 Conduct Stakeholders meetings and sensitisations 03 Books and other library materials 04 Furniture and learning materials|- - - -|- - - (0)|- - - -|- - - -|8 2 1,013 164||
2024|23|33|1|Approved Budget 2024|https://www.mufuliracouncil.gov.zm/wp-content/uploads/2025/12/Approved-Budget-2024.pdf|Number of Exchange visits done to other councils 01 Conduct exchange visits with other councils|-|-|-|-|3||
2024|24|34|1|Approved Budget 2024|https://www.mufuliracouncil.gov.zm/wp-content/uploads/2025/12/Approved-Budget-2024.pdf|ECONOMIC CLASSIFICATION|2022 BUDGET|||2023 BUDGET||2024 BUDGET|
2024|24|34|2|Approved Budget 2024|https://www.mufuliracouncil.gov.zm/wp-content/uploads/2025/12/Approved-Budget-2024.pdf||Approved|Expendit ure||Approved|Expendit ure*|Estimates|
2024|24|34|3|Approved Budget 2024|https://www.mufuliracouncil.gov.zm/wp-content/uploads/2025/12/Approved-Budget-2024.pdf|02Use of Goods and Services 02General Operations 04Assets 01Non-Financial Assets (Capital Expenditure)|- - - -|- - - -||-|-|2,238,325 2,238,325 305,340 305,340|
2024|24|34|4|Approved Budget 2024|https://www.mufuliracouncil.gov.zm/wp-content/uploads/2025/12/Approved-Budget-2024.pdf|||||-|-||
2024|24|34|5|Approved Budget 2024|https://www.mufuliracouncil.gov.zm/wp-content/uploads/2025/12/Approved-Budget-2024.pdf|||||-|-||
2024|24|34|6|Approved Budget 2024|https://www.mufuliracouncil.gov.zm/wp-content/uploads/2025/12/Approved-Budget-2024.pdf|||||-|-||
2024|24|34|7|Approved Budget 2024|https://www.mufuliracouncil.gov.zm/wp-content/uploads/2025/12/Approved-Budget-2024.pdf|Programme Total|(0)|(0)||-|(0)|2,543,665|
2024|24|35|1|Approved Budget 2024|https://www.mufuliracouncil.gov.zm/wp-content/uploads/2025/12/Approved-Budget-2024.pdf|PROGRAMME/SUBPROGRAMME|2022 BUDGET||2023 BUDGET|||2024 BUDGET|
2024|24|35|2|Approved Budget 2024|https://www.mufuliracouncil.gov.zm/wp-content/uploads/2025/12/Approved-Budget-2024.pdf||Approved|Expendit ure|Approved||Expendit ure*|Estimates|
2024|24|35|3|Approved Budget 2024|https://www.mufuliracouncil.gov.zm/wp-content/uploads/2025/12/Approved-Budget-2024.pdf|10 Public Order and Safety 014Building Regulations 018Community Policing 041Fire Protection Services|(0) (0) (0) (0)|(0) (0) (0)|- - - -||(0) (0) (0)|2,543,665 739,390 179,220 1,625,055|
2024|24|35|4|Approved Budget 2024|https://www.mufuliracouncil.gov.zm/wp-content/uploads/2025/12/Approved-Budget-2024.pdf|Programme Total|(0)|(0)|||- (0)|2,25,4534,36,66565|
2024|25|36|1|Approved Budget 2024|https://www.mufuliracouncil.gov.zm/wp-content/uploads/2025/12/Approved-Budget-2024.pdf|Key Output and Output Indicator|2022||2023||2024||
2024|25|36|2|Approved Budget 2024|https://www.mufuliracouncil.gov.zm/wp-content/uploads/2025/12/Approved-Budget-2024.pdf||Target|Actual|Target|Actual*|Target||
2024|25|36|3|Approved Budget 2024|https://www.mufuliracouncil.gov.zm/wp-content/uploads/2025/12/Approved-Budget-2024.pdf|Improved compliance levels by citizens 01 Disturbances and unruly behavor tackled|-|-|-|-|100||
2024|25|36|4|Approved Budget 2024|https://www.mufuliracouncil.gov.zm/wp-content/uploads/2025/12/Approved-Budget-2024.pdf|Buildings scruitinized 01 Buildings scruitinized|-|-|-|-|1,322||
2024|25|36|5|Approved Budget 2024|https://www.mufuliracouncil.gov.zm/wp-content/uploads/2025/12/Approved-Budget-2024.pdf|Buildings Inspected 01 Buildings inspected|-|-|-|-|1,322||
2024|25|36|6|Approved Budget 2024|https://www.mufuliracouncil.gov.zm/wp-content/uploads/2025/12/Approved-Budget-2024.pdf|Certificate of Completion issue 01 Certificate of Completion issue|-|-|-|-|1,322||
2024|25|36|7|Approved Budget 2024|https://www.mufuliracouncil.gov.zm/wp-content/uploads/2025/12/Approved-Budget-2024.pdf|Revamping of GIS 01 GIS Revamped|-|-|-|-|1||
2024|25|36|8|Approved Budget 2024|https://www.mufuliracouncil.gov.zm/wp-content/uploads/2025/12/Approved-Budget-2024.pdf|Land Audit Conducted 01 Parcels of lands Audited|-|-|-|-|75||
2024|25|36|9|Approved Budget 2024|https://www.mufuliracouncil.gov.zm/wp-content/uploads/2025/12/Approved-Budget-2024.pdf|Decrease in fire outbreaks 01 Decrease in fire outbreaks 02 Safety training to private and Govt institutions conducted 03 Fire certificates issued|- - (0)|- - (0)|- - (0)|- - (0)|100 5 1,322||
2024|26|37|1|Approved Budget 2024|https://www.mufuliracouncil.gov.zm/wp-content/uploads/2025/12/Approved-Budget-2024.pdf|ECONOMIC CLASSIFICATION|2022 BUDGET||||2023 BUDGET||2024 BUDGET
2024|26|37|2|Approved Budget 2024|https://www.mufuliracouncil.gov.zm/wp-content/uploads/2025/12/Approved-Budget-2024.pdf||Approved|Expendit ure|||Approved|Expendit ure*|Estimates
2024|26|37|3|Approved Budget 2024|https://www.mufuliracouncil.gov.zm/wp-content/uploads/2025/12/Approved-Budget-2024.pdf|01Personal Emoluments 01Salaries and Wages 02Use of Goods and Services 02General Operations 04Assets 01Non-Financial Assets (Capital Expenditure) 05Liabilities 01 Outstanding Bills|- - - - - - - -|- - - - - - - -|||-|-|40,562,915 40,562,915 11,481,687 11,481,687 2,981,650 2,981,650 4,853,966 4,853,966
2024|26|37|4|Approved Budget 2024|https://www.mufuliracouncil.gov.zm/wp-content/uploads/2025/12/Approved-Budget-2024.pdf||||||-|-|
2024|26|37|5|Approved Budget 2024|https://www.mufuliracouncil.gov.zm/wp-content/uploads/2025/12/Approved-Budget-2024.pdf||||||-|-|
2024|26|37|6|Approved Budget 2024|https://www.mufuliracouncil.gov.zm/wp-content/uploads/2025/12/Approved-Budget-2024.pdf||||||-|-|
2024|26|37|7|Approved Budget 2024|https://www.mufuliracouncil.gov.zm/wp-content/uploads/2025/12/Approved-Budget-2024.pdf||||||-|-|
2024|26|37|8|Approved Budget 2024|https://www.mufuliracouncil.gov.zm/wp-content/uploads/2025/12/Approved-Budget-2024.pdf||||||-|-|
2024|26|37|9|Approved Budget 2024|https://www.mufuliracouncil.gov.zm/wp-content/uploads/2025/12/Approved-Budget-2024.pdf||||||-|-|
2024|26|37|10|Approved Budget 2024|https://www.mufuliracouncil.gov.zm/wp-content/uploads/2025/12/Approved-Budget-2024.pdf||||||-|-|
2024|26|37|11|Approved Budget 2024|https://www.mufuliracouncil.gov.zm/wp-content/uploads/2025/12/Approved-Budget-2024.pdf|Programme Total|(0)|(0)|||-|(0)|59,880,219
2024|27|38|1|Approved Budget 2024|https://www.mufuliracouncil.gov.zm/wp-content/uploads/2025/12/Approved-Budget-2024.pdf|PROGRAMME/SUBPROGRAMME|2022 BUDGET||2023 BUDGET|||2024 BUDGET|
2024|27|38|2|Approved Budget 2024|https://www.mufuliracouncil.gov.zm/wp-content/uploads/2025/12/Approved-Budget-2024.pdf||Approved|Expendit ure|Approved||Expendit ure*|Estimates|
2024|27|38|3|Approved Budget 2024|https://www.mufuliracouncil.gov.zm/wp-content/uploads/2025/12/Approved-Budget-2024.pdf|11 Management and Support Services 001(cid:9)Human Resource and Administration 003Public Relations 009Executive Management 016(cid:9)Procurement 028(cid:9)Auditing 029Roads and Drainages 035(cid:9)Accounting 036Legal Services|(0) (0) (0) (0) (0) (0) (0) (0) (0)|(0) (0) (0) (0) (0) (0) (0) (0)|- - - - - - - - -||(0) (0) (0) (0) (0) (0) (0) (0)|59,880,219 47,014,620 153,000 2,318,493 188,780 300,760 3,401,472 5,138,969 1,364,125|
2024|27|38|4|Approved Budget 2024|https://www.mufuliracouncil.gov.zm/wp-content/uploads/2025/12/Approved-Budget-2024.pdf|Programme Total|(0)|(0)|||- (0)|5599,8,88800,2,21199|
2024|28|39|1|Approved Budget 2024|https://www.mufuliracouncil.gov.zm/wp-content/uploads/2025/12/Approved-Budget-2024.pdf|Key Output and Output Indicator|2022||2023||2024||
2024|28|39|2|Approved Budget 2024|https://www.mufuliracouncil.gov.zm/wp-content/uploads/2025/12/Approved-Budget-2024.pdf||Target|Actual|Target|Actual*|Target||
2024|28|39|3|Approved Budget 2024|https://www.mufuliracouncil.gov.zm/wp-content/uploads/2025/12/Approved-Budget-2024.pdf|Public awareness on services provided 01 Programs conduction for public awareness on service provision|-|-|-|-|1||
2024|28|39|4|Approved Budget 2024|https://www.mufuliracouncil.gov.zm/wp-content/uploads/2025/12/Approved-Budget-2024.pdf|Community engagement 01 Engagement of the Mufulira District Community in a year|-|-|-|-|2||
2024|28|39|5|Approved Budget 2024|https://www.mufuliracouncil.gov.zm/wp-content/uploads/2025/12/Approved-Budget-2024.pdf|Shows and Exhibits 01 Exhibitions held in a year|-|-|-|-|2||
2024|28|39|6|Approved Budget 2024|https://www.mufuliracouncil.gov.zm/wp-content/uploads/2025/12/Approved-Budget-2024.pdf|Holding of Radio Programs within Mufulira District for Mufulira residents 01 Radio Programs|-|-|-|-|4||
2024|28|39|7|Approved Budget 2024|https://www.mufuliracouncil.gov.zm/wp-content/uploads/2025/12/Approved-Budget-2024.pdf|Monitoring of Council Projects 01 Council projects monitored|-|-|-|-|100||
2024|28|39|8|Approved Budget 2024|https://www.mufuliracouncil.gov.zm/wp-content/uploads/2025/12/Approved-Budget-2024.pdf|Celebration of National Events 01 National Events attended|-|-|-|-|100||
2024|28|39|9|Approved Budget 2024|https://www.mufuliracouncil.gov.zm/wp-content/uploads/2025/12/Approved-Budget-2024.pdf|Enhance Skills & Capabilities 01 percentage of Skills & Capabilities enhanced|-|-|-|-|100||
2024|28|39|10|Approved Budget 2024|https://www.mufuliracouncil.gov.zm/wp-content/uploads/2025/12/Approved-Budget-2024.pdf|Enhanced productivity and optimum utilization of Human capital 01 Percentage of Productivity enhanced on Human Capital|-|-|-|-|100||
2024|28|39|11|Approved Budget 2024|https://www.mufuliracouncil.gov.zm/wp-content/uploads/2025/12/Approved-Budget-2024.pdf|Ward Development Fund projects 01 Number of Ward Funded Projects implemented|-|-|-|-|29||
2024|28|40|1|Approved Budget 2024|https://www.mufuliracouncil.gov.zm/wp-content/uploads/2025/12/Approved-Budget-2024.pdf|MTEF preparation 01 Budgets Prepared|-|-|-|-|1||
2024|28|40|2|Approved Budget 2024|https://www.mufuliracouncil.gov.zm/wp-content/uploads/2025/12/Approved-Budget-2024.pdf|Leases Renewed 01 Percentage of Leases renewed|-|-|-|-|100||
2024|28|40|3|Approved Budget 2024|https://www.mufuliracouncil.gov.zm/wp-content/uploads/2025/12/Approved-Budget-2024.pdf|Management of Land in Mufulira District 01 Percentage of Land Managed in Mufulira District|-|-|-|-|100||
2024|28|41|1|Approved Budget 2024|https://www.mufuliracouncil.gov.zm/wp-content/uploads/2025/12/Approved-Budget-2024.pdf|PREPARATION OF COURT DOCUMENTS 01 Percentage of Court Documents prepared|-|-|-|-|100||
2024|28|41|2|Approved Budget 2024|https://www.mufuliracouncil.gov.zm/wp-content/uploads/2025/12/Approved-Budget-2024.pdf|PREPARATION OF TITLE 01 Percentage of title deeds documents prepared|-|-|-|-|100||
2024|28|41|3|Approved Budget 2024|https://www.mufuliracouncil.gov.zm/wp-content/uploads/2025/12/Approved-Budget-2024.pdf|MANAGEMENT OF THE DEEDS REGISTRY FOR THE DISTRICT 01 Percentage of management of deeds registry handled|-|-|-|-|100||
2024|28|41|4|Approved Budget 2024|https://www.mufuliracouncil.gov.zm/wp-content/uploads/2025/12/Approved-Budget-2024.pdf|REGULATION OF BUSSINES IN THE DISTRICT 01 Business' regulated in the district|-|-|-|-|2,000||
2024|28|41|5|Approved Budget 2024|https://www.mufuliracouncil.gov.zm/wp-content/uploads/2025/12/Approved-Budget-2024.pdf|MONITORING OF BUSINESS COMPLIANCE LEVELS IN THE DISTRICT 01 Business houses inspected|-|-|-|-|4,000||
2024|28|41|6|Approved Budget 2024|https://www.mufuliracouncil.gov.zm/wp-content/uploads/2025/12/Approved-Budget-2024.pdf|Provide public awareness on Services provided by Mufulira Municipal Council 01 Coverage of Mufulira Municipal Council Service delivered|-|-|-|-|100||
2024|28|42|1|Approved Budget 2024|https://www.mufuliracouncil.gov.zm/wp-content/uploads/2025/12/Approved-Budget-2024.pdf|Goods and Services Successfully Procured 01 Percentage of Goods and Services successfully procured|-|-|-|-|100||
2024|30|43|1|Approved Budget 2024|https://www.mufuliracouncil.gov.zm/wp-content/uploads/2025/12/Approved-Budget-2024.pdf|ECONOMIC CLASSIFICATION|2022 BUDGET|||2023 BUDGET||2024 BUDGET|
2024|30|43|2|Approved Budget 2024|https://www.mufuliracouncil.gov.zm/wp-content/uploads/2025/12/Approved-Budget-2024.pdf||Approved|Expendit ure||Approved|Expendit ure*|Estimates|
2024|30|43|3|Approved Budget 2024|https://www.mufuliracouncil.gov.zm/wp-content/uploads/2025/12/Approved-Budget-2024.pdf|01Personal Emoluments 01Salaries and Wages 02Use of Goods and Services 02General Operations 04Assets 01Non-Financial Assets (Capital Expenditure)|- - - - - -|- - - - - -||-|-|336,000 336,000 3,445,423 3,445,423 534,600 534,600|
2024|30|43|4|Approved Budget 2024|https://www.mufuliracouncil.gov.zm/wp-content/uploads/2025/12/Approved-Budget-2024.pdf|||||-|-||
2024|30|43|5|Approved Budget 2024|https://www.mufuliracouncil.gov.zm/wp-content/uploads/2025/12/Approved-Budget-2024.pdf|||||-|-||
2024|30|43|6|Approved Budget 2024|https://www.mufuliracouncil.gov.zm/wp-content/uploads/2025/12/Approved-Budget-2024.pdf|||||-|-||
2024|30|43|7|Approved Budget 2024|https://www.mufuliracouncil.gov.zm/wp-content/uploads/2025/12/Approved-Budget-2024.pdf|||||-|-||
2024|30|43|8|Approved Budget 2024|https://www.mufuliracouncil.gov.zm/wp-content/uploads/2025/12/Approved-Budget-2024.pdf|||||-|-||
2024|30|43|9|Approved Budget 2024|https://www.mufuliracouncil.gov.zm/wp-content/uploads/2025/12/Approved-Budget-2024.pdf|Programme Total|(0)|(0)||-|(0)|4,316,023|
2024|30|44|1|Approved Budget 2024|https://www.mufuliracouncil.gov.zm/wp-content/uploads/2025/12/Approved-Budget-2024.pdf|PROGRAMME/SUBPROGRAMME|2022 BUDGET||2023 BUDGET|||2024 BUDGET|
2024|30|44|2|Approved Budget 2024|https://www.mufuliracouncil.gov.zm/wp-content/uploads/2025/12/Approved-Budget-2024.pdf||Approved|Expendit ure|Approved||Expendit ure*|Estimates|
2024|30|44|3|Approved Budget 2024|https://www.mufuliracouncil.gov.zm/wp-content/uploads/2025/12/Approved-Budget-2024.pdf|12 Resource Mobilisation and Management 067Revenue Mobilisation and Enhancement|(0) (0)|(0)|- -||(0)|4,316,023 4,316,023|
2024|30|44|4|Approved Budget 2024|https://www.mufuliracouncil.gov.zm/wp-content/uploads/2025/12/Approved-Budget-2024.pdf|Programme Total|(0)|(0)|||- (0)|4,43,1361,60,20323|
2024|31|45|1|Approved Budget 2024|https://www.mufuliracouncil.gov.zm/wp-content/uploads/2025/12/Approved-Budget-2024.pdf|Key Output and Output Indicator|2022||2023||2024||
2024|31|45|2|Approved Budget 2024|https://www.mufuliracouncil.gov.zm/wp-content/uploads/2025/12/Approved-Budget-2024.pdf||Target|Actual|Target|Actual*|Target||
2024|31|45|3|Approved Budget 2024|https://www.mufuliracouncil.gov.zm/wp-content/uploads/2025/12/Approved-Budget-2024.pdf|Debt Management 01 Automated Revenue Collection points established 02 Revenue Collection reports generated and submitted per week 03 Revenue Officers recruited and trained 04 Mobile Money Payment System launched|- - - -|- - - -|- - - -|- - - -|20 1 25 2||
2024|31|45|4|Approved Budget 2024|https://www.mufuliracouncil.gov.zm/wp-content/uploads/2025/12/Approved-Budget-2024.pdf|Cash Management 01 Generate a report weekly on Cash Management|-|-|-|-|5||
2024|31|45|5|Approved Budget 2024|https://www.mufuliracouncil.gov.zm/wp-content/uploads/2025/12/Approved-Budget-2024.pdf|Revenue Mobilisation 01 Conduct spot checks 02 Sensitation meetings held for revenue enhancement|- -|- -|- -|- -|12 2||
2024|31|45|6|Approved Budget 2024|https://www.mufuliracouncil.gov.zm/wp-content/uploads/2025/12/Approved-Budget-2024.pdf|Revenue enhancement 01 Introduction of Mobile payment (purchase of 200 Kazang Machines)|-|-|-|-|200||
2024|31|45|7|Approved Budget 2024|https://www.mufuliracouncil.gov.zm/wp-content/uploads/2025/12/Approved-Budget-2024.pdf|Revenue collection 01 Recruiting of 65 part time revenue agents|-|-|-|-|65||
2024|32|46|1|Approved Budget 2024|https://www.mufuliracouncil.gov.zm/wp-content/uploads/2025/12/Approved-Budget-2024.pdf|ECONOMIC CLASSIFICATION|2022 BUDGET|||2023 BUDGET||2024 BUDGET|
2024|32|46|2|Approved Budget 2024|https://www.mufuliracouncil.gov.zm/wp-content/uploads/2025/12/Approved-Budget-2024.pdf||Approved|Expendit ure||Approved|Expendit ure*|Estimates|
2024|32|46|3|Approved Budget 2024|https://www.mufuliracouncil.gov.zm/wp-content/uploads/2025/12/Approved-Budget-2024.pdf|01Personal Emoluments 03Personnel Related Costs 01Hospital Health servcies 02Use of Goods and Services 02General Operations 01DHS Management & Support 01Hospital Health servcies 01Primary Health servcies|- - - - - - - -|- - - - - - - -||-|-|26,900 26,900 26,900 6,745,744 6,745,744 537,722 4,193,324 2,014,697|
2024|32|46|4|Approved Budget 2024|https://www.mufuliracouncil.gov.zm/wp-content/uploads/2025/12/Approved-Budget-2024.pdf|||||-|-||
2024|32|46|5|Approved Budget 2024|https://www.mufuliracouncil.gov.zm/wp-content/uploads/2025/12/Approved-Budget-2024.pdf|||||-|-||
2024|32|46|6|Approved Budget 2024|https://www.mufuliracouncil.gov.zm/wp-content/uploads/2025/12/Approved-Budget-2024.pdf|||||-|-||
2024|32|46|7|Approved Budget 2024|https://www.mufuliracouncil.gov.zm/wp-content/uploads/2025/12/Approved-Budget-2024.pdf|||||-|-||
2024|32|46|8|Approved Budget 2024|https://www.mufuliracouncil.gov.zm/wp-content/uploads/2025/12/Approved-Budget-2024.pdf|||||-|-||
2024|32|46|9|Approved Budget 2024|https://www.mufuliracouncil.gov.zm/wp-content/uploads/2025/12/Approved-Budget-2024.pdf|||||-|-||
2024|32|46|10|Approved Budget 2024|https://www.mufuliracouncil.gov.zm/wp-content/uploads/2025/12/Approved-Budget-2024.pdf|||||-|-||
2024|32|46|11|Approved Budget 2024|https://www.mufuliracouncil.gov.zm/wp-content/uploads/2025/12/Approved-Budget-2024.pdf|Programme Total|(0)|(0)||-|(0)|6,772,644|
2024|32|47|1|Approved Budget 2024|https://www.mufuliracouncil.gov.zm/wp-content/uploads/2025/12/Approved-Budget-2024.pdf|PROGRAMME/SUBPROGRAMME|2022 BUDGET||2023 BUDGET|||2024 BUDGET|
2024|32|47|2|Approved Budget 2024|https://www.mufuliracouncil.gov.zm/wp-content/uploads/2025/12/Approved-Budget-2024.pdf||Approved|Expendit ure|Approved||Expendit ure*|Estimates|
2024|32|47|3|Approved Budget 2024|https://www.mufuliracouncil.gov.zm/wp-content/uploads/2025/12/Approved-Budget-2024.pdf|13 District Health Services 001Primary Health Services 002Hospital Health Services 003DHS Management and Support|(0) (0) (0) (0)|(0) (0) (0)|- - - -||(0) (0) (0)|6,772,644 2,014,697 4,220,224 537,722|
2024|32|47|4|Approved Budget 2024|https://www.mufuliracouncil.gov.zm/wp-content/uploads/2025/12/Approved-Budget-2024.pdf|Programme Total|(0)|(0)|||- (0)|6,67,7727,26,46444|
2024|33|48|1|Approved Budget 2024|https://www.mufuliracouncil.gov.zm/wp-content/uploads/2025/12/Approved-Budget-2024.pdf|Key Output and Output Indicator|2022||2023||2024||
2024|33|48|2|Approved Budget 2024|https://www.mufuliracouncil.gov.zm/wp-content/uploads/2025/12/Approved-Budget-2024.pdf||Target|Actual|Target|Actual*|Target||
2024|33|48|3|Approved Budget 2024|https://www.mufuliracouncil.gov.zm/wp-content/uploads/2025/12/Approved-Budget-2024.pdf|Primary health care services provided 01 Reduce Maternal Mortality Rate in the district 02 Reduce under 5 mortality rate in the district 03 Increase Percentage of deliveries assisted by midwives and skilled personnel|- - -|- - -|- - -|- - -|43 3 85||
2024|33|48|4|Approved Budget 2024|https://www.mufuliracouncil.gov.zm/wp-content/uploads/2025/12/Approved-Budget-2024.pdf|Control Communicable Diseases (TB, Dysentery, Cholera, STI, HIV/ AIDS) 01 Percentage of TB cases diagnosed and treated among all incident TB cases 02 Percentage of Pregnant Women (those tested) receiving ARVs 03 Diarrhoea incidence in under 5 children 04 Percentage of HIV+ Adult receiving ART 05 Clinical Meetings|- - - - -|- - - - -|- - - - -|- - - - -|95 96 110 100 4||
2024|33|49|1|Approved Budget 2024|https://www.mufuliracouncil.gov.zm/wp-content/uploads/2025/12/Approved-Budget-2024.pdf|Child health Programmes 01 Percentage of reduced Measles incident in the district 02 Technical Support Services offered|- -|- -|- -|- -|100 4||
2024|33|50|1|Approved Budget 2024|https://www.mufuliracouncil.gov.zm/wp-content/uploads/2025/12/Approved-Budget-2024.pdf|Conduct Nutrition Promotion Programmes 01 Reducing Nutritional incidences in the district|-|-|-|-|400||
2024|33|50|2|Approved Budget 2024|https://www.mufuliracouncil.gov.zm/wp-content/uploads/2025/12/Approved-Budget-2024.pdf|Provide Health Education 01 Health Days Commemorated|-|-|-|-|11||
2024|33|50|3|Approved Budget 2024|https://www.mufuliracouncil.gov.zm/wp-content/uploads/2025/12/Approved-Budget-2024.pdf|Undertake Disease surveillances 01 Hold WASH (Clean and safe drinking water) talk shows|-|-|-|-|2||
2024|33|50|4|Approved Budget 2024|https://www.mufuliracouncil.gov.zm/wp-content/uploads/2025/12/Approved-Budget-2024.pdf|Environmental Health Services 01 Commemorated Environmental Health Day|-|-|-|-|5||
2024|33|50|5|Approved Budget 2024|https://www.mufuliracouncil.gov.zm/wp-content/uploads/2025/12/Approved-Budget-2024.pdf|Provide ambulatory Services in the district 01 Referral services provided in the district|-|-|-|-|100||
2024|33|50|6|Approved Budget 2024|https://www.mufuliracouncil.gov.zm/wp-content/uploads/2025/12/Approved-Budget-2024.pdf|HIV/AIDS services provided in the district 01 Commemoration of World Aids Day|-|-|-|-|1||
2024|34|51|1|Approved Budget 2024|https://www.mufuliracouncil.gov.zm/wp-content/uploads/2025/12/Approved-Budget-2024.pdf|Procurement of Medicine and Medical Supplies 01 Percentage of availability of essential drugs and medicine 02 Percentage of medical equipment procured|- -|- -|- -|- -|60 100||
2024|34|51|2|Approved Budget 2024|https://www.mufuliracouncil.gov.zm/wp-content/uploads/2025/12/Approved-Budget-2024.pdf|Medicine and Medical Supplies Procured 01 Percentage of availability of essential drugs and medicine 02 Percentage of medical equipment procured|- -|- -|- -|- -|100 100||
2024|34|51|3|Approved Budget 2024|https://www.mufuliracouncil.gov.zm/wp-content/uploads/2025/12/Approved-Budget-2024.pdf|Health Services Provided (Kawama East Mini-Hospital) 01 Health workers have conducive working space|-|-|-|-|100||
2024|34|51|4|Approved Budget 2024|https://www.mufuliracouncil.gov.zm/wp-content/uploads/2025/12/Approved-Budget-2024.pdf|Maintenance of Buildings 01 Maintenance of Hospital Building|-|-|-|-|100||
2024|34|51|5|Approved Budget 2024|https://www.mufuliracouncil.gov.zm/wp-content/uploads/2025/12/Approved-Budget-2024.pdf|Procurement of non Medical Supplies 01 Percentage of non medical supplies available|-|-|-|-|70||
2024|34|51|6|Approved Budget 2024|https://www.mufuliracouncil.gov.zm/wp-content/uploads/2025/12/Approved-Budget-2024.pdf|Health Services Provided (Kamuchanga General Hospital) 01 Health workers have condusive working space|-|-|-|-|100||
2024|34|51|7|Approved Budget 2024|https://www.mufuliracouncil.gov.zm/wp-content/uploads/2025/12/Approved-Budget-2024.pdf|Procurement of Medical Equipment (Kamuchanga) 01 % of medical equipment procured|-|-|-|-|100||
2024|34|51|8|Approved Budget 2024|https://www.mufuliracouncil.gov.zm/wp-content/uploads/2025/12/Approved-Budget-2024.pdf|Non Medical Equipment procured (Kamuchanga) 01 Percentage of non medical supplies available|-|-|-|-|100||
2024|34|51|9|Approved Budget 2024|https://www.mufuliracouncil.gov.zm/wp-content/uploads/2025/12/Approved-Budget-2024.pdf|Outreach Services 01 Number of outreach services provided|-|-|-|-|1||
2024|34|51|10|Approved Budget 2024|https://www.mufuliracouncil.gov.zm/wp-content/uploads/2025/12/Approved-Budget-2024.pdf|Human resource Management 01 Staff oriented in EmONC 02 Integrated Mentorship 03 Orientation in leadership management|- - -|- - -|- - -|- - -|2 10 3||
2024|34|51|11|Approved Budget 2024|https://www.mufuliracouncil.gov.zm/wp-content/uploads/2025/12/Approved-Budget-2024.pdf|Hospital Building maintained (Kamuchanga) 01 Maintenance material procured|-|-|-|-|100||
2024|34|51|12|Approved Budget 2024|https://www.mufuliracouncil.gov.zm/wp-content/uploads/2025/12/Approved-Budget-2024.pdf|Ambulatory services provided 01 Percentage Referral cases attended to|-|-|-|-|100||
2024|34|51|13|Approved Budget 2024|https://www.mufuliracouncil.gov.zm/wp-content/uploads/2025/12/Approved-Budget-2024.pdf|Management Support Provided 01 Number of action plans formulated 02 Number of accountable documents collected 03 Percentage of completion and submission of statement A 04 Availability of health work force 05 Number of AGM attended 06 Health Workers have conducive working space 07 Number of Performance Review Conducted|- - - - - - -|- - - - - - -|- - - - - - -|- - - - - - -|1 1 100 100 10 100 34||
2024|35|52|1|Approved Budget 2024|https://www.mufuliracouncil.gov.zm/wp-content/uploads/2025/12/Approved-Budget-2024.pdf|ECONOMIC CLASSIFICATION|2022 BUDGET||2023 BUDGET||2024 BUDGET||
2024|35|52|2|Approved Budget 2024|https://www.mufuliracouncil.gov.zm/wp-content/uploads/2025/12/Approved-Budget-2024.pdf||Approved|Expendi ure|t Approved|Expendit ure*|Estimates||
2024|35|52|3|Approved Budget 2024|https://www.mufuliracouncil.gov.zm/wp-content/uploads/2025/12/Approved-Budget-2024.pdf|02Use of Goods and Services 02General Operations 03|- - -|- - -|- - -|-|93,607 93,607 93,607||
2024|35|52|4|Approved Budget 2024|https://www.mufuliracouncil.gov.zm/wp-content/uploads/2025/12/Approved-Budget-2024.pdf|||||-|||
2024|35|52|5|Approved Budget 2024|https://www.mufuliracouncil.gov.zm/wp-content/uploads/2025/12/Approved-Budget-2024.pdf|||||-|||
2024|35|52|6|Approved Budget 2024|https://www.mufuliracouncil.gov.zm/wp-content/uploads/2025/12/Approved-Budget-2024.pdf|Programme Total|(0)|(0)|-|(0)|93,607||
2024|35|53|1|Approved Budget 2024|https://www.mufuliracouncil.gov.zm/wp-content/uploads/2025/12/Approved-Budget-2024.pdf|PROGRAMME/SUBPROGRAMME|2022 BUDGET||2023 BUDGET|||2024 BUDGET|
2024|35|53|2|Approved Budget 2024|https://www.mufuliracouncil.gov.zm/wp-content/uploads/2025/12/Approved-Budget-2024.pdf||Approved|Expendit ure|Approved||Expendit ure*|Estimates|
2024|35|53|3|Approved Budget 2024|https://www.mufuliracouncil.gov.zm/wp-content/uploads/2025/12/Approved-Budget-2024.pdf|14 Veterinary services 001Animal Health Extension Services|(0) (0)|(0)|- -||(0)|93,607 93,607|
2024|35|53|4|Approved Budget 2024|https://www.mufuliracouncil.gov.zm/wp-content/uploads/2025/12/Approved-Budget-2024.pdf|Programme Total|(0)|(0)|||- (0)|93,69037,607|
2024|35|54|1|Approved Budget 2024|https://www.mufuliracouncil.gov.zm/wp-content/uploads/2025/12/Approved-Budget-2024.pdf|Key Output and Output Indicator|2022||2023||2024||
2024|35|54|2|Approved Budget 2024|https://www.mufuliracouncil.gov.zm/wp-content/uploads/2025/12/Approved-Budget-2024.pdf||Target|Actual|Target|Actual*|Target||
2024|36|55|1|Approved Budget 2024|https://www.mufuliracouncil.gov.zm/wp-content/uploads/2025/12/Approved-Budget-2024.pdf|ECONOMIC CLASSIFICATION|2022 BUDGET||2023 BUDGET||2024 BUDGET||
2024|36|55|2|Approved Budget 2024|https://www.mufuliracouncil.gov.zm/wp-content/uploads/2025/12/Approved-Budget-2024.pdf||Approved|Expendi ure|t Approved|Expendit ure*|Estimates||
2024|36|55|3|Approved Budget 2024|https://www.mufuliracouncil.gov.zm/wp-content/uploads/2025/12/Approved-Budget-2024.pdf|02Use of Goods and Services 02General Operations 01Transport Services|- - -|- - -|- - -|-|3,742,847 3,742,847 3,742,847||
2024|36|55|4|Approved Budget 2024|https://www.mufuliracouncil.gov.zm/wp-content/uploads/2025/12/Approved-Budget-2024.pdf|||||-|||
2024|36|55|5|Approved Budget 2024|https://www.mufuliracouncil.gov.zm/wp-content/uploads/2025/12/Approved-Budget-2024.pdf|||||-|||
2024|36|55|6|Approved Budget 2024|https://www.mufuliracouncil.gov.zm/wp-content/uploads/2025/12/Approved-Budget-2024.pdf|Programme Total|(0)|(0)|-|(0)|3,742,847||
2024|36|56|1|Approved Budget 2024|https://www.mufuliracouncil.gov.zm/wp-content/uploads/2025/12/Approved-Budget-2024.pdf|PROGRAMME/SUBPROGRAMME|2022 BUDGET||2023 BUDGET|||2024 BUDGET|
2024|36|56|2|Approved Budget 2024|https://www.mufuliracouncil.gov.zm/wp-content/uploads/2025/12/Approved-Budget-2024.pdf||Approved|Expendit ure|Approved||Expendit ure*|Estimates|
2024|36|56|3|Approved Budget 2024|https://www.mufuliracouncil.gov.zm/wp-content/uploads/2025/12/Approved-Budget-2024.pdf|15 Transport Services 001Road Transport|(0) (0)|(0)|- -||(0)|3,742,847 3,742,847|
2024|36|56|4|Approved Budget 2024|https://www.mufuliracouncil.gov.zm/wp-content/uploads/2025/12/Approved-Budget-2024.pdf|Programme Total|(0)|(0)|||- (0)|3,37,4724,28,48747|
2024|36|57|1|Approved Budget 2024|https://www.mufuliracouncil.gov.zm/wp-content/uploads/2025/12/Approved-Budget-2024.pdf|Key Output and Output Indicator|2022||2023||2024||
2024|36|57|2|Approved Budget 2024|https://www.mufuliracouncil.gov.zm/wp-content/uploads/2025/12/Approved-Budget-2024.pdf||Target|Actual|Target|Actual*|Target||
2024|36|57|3|Approved Budget 2024|https://www.mufuliracouncil.gov.zm/wp-content/uploads/2025/12/Approved-Budget-2024.pdf|Motor Vehicle Licensed 01 Percentage of vehicles registered|-|-|-|-|100||
2024|37|58|1|Approved Budget 2024|https://www.mufuliracouncil.gov.zm/wp-content/uploads/2025/12/Approved-Budget-2024.pdf|Geographic Location|Key Outputs and Outputs Indicator|MTEF Output Target|||||
2024|37|58|2|Approved Budget 2024|https://www.mufuliracouncil.gov.zm/wp-content/uploads/2025/12/Approved-Budget-2024.pdf|||2022|2023|2024|||
2024|44|59|1|Approved Budget 2024|https://www.mufuliracouncil.gov.zm/wp-content/uploads/2025/12/Approved-Budget-2024.pdf||3 Orientation in leadership management 11Hospital Building maintained (Kamuchanga) 1 Maintenance material procured 12Ambulatory services provided 1 Percentage Referral cases attended to 01Management Support Provided 1 Number of action plans formulated 2 Number of accountable documents collected 3 Percentage of completion and submission of statement A 4 Availability of health work force 5 Number of AGM attended 6 Health Workers have conducive working space 7 Number of Performance Review Conducted 01Materials and services procured 1 Number of procurement reports 2 Number of animals vaccinated against contagious Bovine Pleuro-pneumonia 3 Number of animals vaccinated against east coast fever 01Motor Vehicle Licensed 1 Percentage of vehicles registered|3 100 100 1 1 100 100 10 100 34 4 400,000 85,000 100|5 100 100 1 1 100 100 10 100 34 4 450,000 90,000 100||||
2025|1|1|1|Approved Budget 2025|https://www.mufuliracouncil.gov.zm/wp-content/uploads/2025/03/Approved-2025-Budget.pdf|Improve agricultural production and productivity|||||||
2025|1|1|2|Approved Budget 2025|https://www.mufuliracouncil.gov.zm/wp-content/uploads/2025/03/Approved-2025-Budget.pdf|Promote value addition and manufacturing|||||||
2025|1|1|3|Approved Budget 2025|https://www.mufuliracouncil.gov.zm/wp-content/uploads/2025/03/Approved-2025-Budget.pdf|Promote tourism growth|||||||
2025|1|1|4|Approved Budget 2025|https://www.mufuliracouncil.gov.zm/wp-content/uploads/2025/03/Approved-2025-Budget.pdf|Improve transport and logistics|||||||
2025|1|1|5|Approved Budget 2025|https://www.mufuliracouncil.gov.zm/wp-content/uploads/2025/03/Approved-2025-Budget.pdf|Enhance Generation, Transmission and Distribution of Electricity|||||||
2025|1|1|6|Approved Budget 2025|https://www.mufuliracouncil.gov.zm/wp-content/uploads/2025/03/Approved-2025-Budget.pdf|Enhance the management of petroleum products|||||||
2025|1|1|7|Approved Budget 2025|https://www.mufuliracouncil.gov.zm/wp-content/uploads/2025/03/Approved-2025-Budget.pdf|Enhance management and productive use of water resources|||||||
2025|1|2|1|Approved Budget 2025|https://www.mufuliracouncil.gov.zm/wp-content/uploads/2025/03/Approved-2025-Budget.pdf|Promote Enterprise development|||||||
2025|1|2|2|Approved Budget 2025|https://www.mufuliracouncil.gov.zm/wp-content/uploads/2025/03/Approved-2025-Budget.pdf|Promote Financial Inclusion|||||||
2025|1|3|1|Approved Budget 2025|https://www.mufuliracouncil.gov.zm/wp-content/uploads/2025/03/Approved-2025-Budget.pdf|Enhance access to quality, equitable and inclusive education|||||||
2025|1|3|2|Approved Budget 2025|https://www.mufuliracouncil.gov.zm/wp-content/uploads/2025/03/Approved-2025-Budget.pdf|Improve technical, vocational and entrepreneurship skills|||||||
2025|1|4|1|Approved Budget 2025|https://www.mufuliracouncil.gov.zm/wp-content/uploads/2025/03/Approved-2025-Budget.pdf|Strengthen Public health|||||||
2025|1|4|2|Approved Budget 2025|https://www.mufuliracouncil.gov.zm/wp-content/uploads/2025/03/Approved-2025-Budget.pdf|Increase access to quality health care|||||||
2025|1|5|1|Approved Budget 2025|https://www.mufuliracouncil.gov.zm/wp-content/uploads/2025/03/Approved-2025-Budget.pdf|Enhance welfare and livelihoods of poor and vulnerable people|||||||
2025|1|5|2|Approved Budget 2025|https://www.mufuliracouncil.gov.zm/wp-content/uploads/2025/03/Approved-2025-Budget.pdf|Reduce developmental inequalities|||||||
2025|1|6|1|Approved Budget 2025|https://www.mufuliracouncil.gov.zm/wp-content/uploads/2025/03/Approved-2025-Budget.pdf|Promote Integrated Environmental Management|||||||
2025|1|6|2|Approved Budget 2025|https://www.mufuliracouncil.gov.zm/wp-content/uploads/2025/03/Approved-2025-Budget.pdf|Enhance natural resources management|||||||
2025|1|7|1|Approved Budget 2025|https://www.mufuliracouncil.gov.zm/wp-content/uploads/2025/03/Approved-2025-Budget.pdf|Decentralise Public Service Delivery Systems|||||||
2025|1|7|2|Approved Budget 2025|https://www.mufuliracouncil.gov.zm/wp-content/uploads/2025/03/Approved-2025-Budget.pdf|Strengthen transparency and accountability mechanisms|||||||
2025|1|7|3|Approved Budget 2025|https://www.mufuliracouncil.gov.zm/wp-content/uploads/2025/03/Approved-2025-Budget.pdf|Strengthen democratic and political governance|||||||
2025|1|7|4|Approved Budget 2025|https://www.mufuliracouncil.gov.zm/wp-content/uploads/2025/03/Approved-2025-Budget.pdf|Strengthen public service performance management systems|||||||
2025|1|7|5|Approved Budget 2025|https://www.mufuliracouncil.gov.zm/wp-content/uploads/2025/03/Approved-2025-Budget.pdf|Strengthen Land Management and Administration|||||||
2025|1|8|1|Approved Budget 2025|https://www.mufuliracouncil.gov.zm/wp-content/uploads/2025/03/Approved-2025-Budget.pdf|Strengthen human rights and constitutionalism|||||||
2025|1|8|2|Approved Budget 2025|https://www.mufuliracouncil.gov.zm/wp-content/uploads/2025/03/Approved-2025-Budget.pdf|Strengthen the criminal and justice system and enhance rule of law|||||||
2025|2|9|1|Approved Budget 2025|https://www.mufuliracouncil.gov.zm/wp-content/uploads/2025/03/Approved-2025-Budget.pdf|CODE|REVENUE DESCRIPTION|APPROVED BUDGET 2025|||REVISED BUDGET 2026||BUDGET ESTIMATE 2027
2025|2|9|2|Approved Budget 2025|https://www.mufuliracouncil.gov.zm/wp-content/uploads/2025/03/Approved-2025-Budget.pdf|01|Local taxes/rates||||||
2025|2|9|3|Approved Budget 2025|https://www.mufuliracouncil.gov.zm/wp-content/uploads/2025/03/Approved-2025-Budget.pdf|001|Residential|9,175,546|||9,670,998||9,890,998
2025|2|9|4|Approved Budget 2025|https://www.mufuliracouncil.gov.zm/wp-content/uploads/2025/03/Approved-2025-Budget.pdf|002|Commercial|8,469,086|||8,669,086||8,969,086
2025|2|9|5|Approved Budget 2025|https://www.mufuliracouncil.gov.zm/wp-content/uploads/2025/03/Approved-2025-Budget.pdf|005|Mining/Plant|34,481,706|||34,481,706||34,481,706
2025|2|9|6|Approved Budget 2025|https://www.mufuliracouncil.gov.zm/wp-content/uploads/2025/03/Approved-2025-Budget.pdf||SubItem Total||52,126,339||52,821,791||53,341,791
2025|2|9|7|Approved Budget 2025|https://www.mufuliracouncil.gov.zm/wp-content/uploads/2025/03/Approved-2025-Budget.pdf|001|Personal levy|190,005|||190,005||190,005
2025|2|9|8|Approved Budget 2025|https://www.mufuliracouncil.gov.zm/wp-content/uploads/2025/03/Approved-2025-Budget.pdf||SubItem Total||190,005||190,005||190,005
2025|2|9|9|Approved Budget 2025|https://www.mufuliracouncil.gov.zm/wp-content/uploads/2025/03/Approved-2025-Budget.pdf|CODE|REVENUE DESCRIPTION|APPROVED BUDGET 2025|||REVISED BUDGET 2026||BUDGET ESTIMATE 2027
2025|2|9|10|Approved Budget 2025|https://www.mufuliracouncil.gov.zm/wp-content/uploads/2025/03/Approved-2025-Budget.pdf|02|Fees and Charges||||||
2025|2|9|11|Approved Budget 2025|https://www.mufuliracouncil.gov.zm/wp-content/uploads/2025/03/Approved-2025-Budget.pdf|001|Consent fees|53,018|||53,018||53,018
2025|2|9|12|Approved Budget 2025|https://www.mufuliracouncil.gov.zm/wp-content/uploads/2025/03/Approved-2025-Budget.pdf|002|Survey fees|37,950|||37,950||37,950
2025|2|9|13|Approved Budget 2025|https://www.mufuliracouncil.gov.zm/wp-content/uploads/2025/03/Approved-2025-Budget.pdf|003|Building inspection-fees|480,000|||480,000||480,000
2025|2|9|14|Approved Budget 2025|https://www.mufuliracouncil.gov.zm/wp-content/uploads/2025/03/Approved-2025-Budget.pdf|004|Plan scrutiny fee|1,040,000|||1,040,000||1,040,000
2025|2|9|15|Approved Budget 2025|https://www.mufuliracouncil.gov.zm/wp-content/uploads/2025/03/Approved-2025-Budget.pdf|007|Rentals/lease of Council’s properties|637,223|||637,223||637,223
2025|2|9|16|Approved Budget 2025|https://www.mufuliracouncil.gov.zm/wp-content/uploads/2025/03/Approved-2025-Budget.pdf|008|Non-Land Application forms fees|145,475|||145,475||145,475
2025|2|9|17|Approved Budget 2025|https://www.mufuliracouncil.gov.zm/wp-content/uploads/2025/03/Approved-2025-Budget.pdf|009|Rentals from houses|270,960|||270,960||270,960
2025|2|9|18|Approved Budget 2025|https://www.mufuliracouncil.gov.zm/wp-content/uploads/2025/03/Approved-2025-Budget.pdf|010|Sketch plan|62,329|||62,329||62,329
2025|2|9|19|Approved Budget 2025|https://www.mufuliracouncil.gov.zm/wp-content/uploads/2025/03/Approved-2025-Budget.pdf|011|Search fees|49,600|||49,600||49,600
2025|2|9|20|Approved Budget 2025|https://www.mufuliracouncil.gov.zm/wp-content/uploads/2025/03/Approved-2025-Budget.pdf|012|Notice board advert fees|580|||580||580
2025|2|9|21|Approved Budget 2025|https://www.mufuliracouncil.gov.zm/wp-content/uploads/2025/03/Approved-2025-Budget.pdf|013|Market fees|832,930|||832,930||832,930
2025|2|9|22|Approved Budget 2025|https://www.mufuliracouncil.gov.zm/wp-content/uploads/2025/03/Approved-2025-Budget.pdf|014|Parking fees|62,640|||62,640||62,640
2025|2|9|23|Approved Budget 2025|https://www.mufuliracouncil.gov.zm/wp-content/uploads/2025/03/Approved-2025-Budget.pdf|016|Loading fees (buses, trucks, trains, taxies etc.)|983,055|||983,055||983,055
2025|2|9|24|Approved Budget 2025|https://www.mufuliracouncil.gov.zm/wp-content/uploads/2025/03/Approved-2025-Budget.pdf|017|Affidavit fees|45,282|||45,282||45,282
2025|2|9|25|Approved Budget 2025|https://www.mufuliracouncil.gov.zm/wp-content/uploads/2025/03/Approved-2025-Budget.pdf|020|Hire of halls|34,830|||34,830||34,830
2025|2|9|26|Approved Budget 2025|https://www.mufuliracouncil.gov.zm/wp-content/uploads/2025/03/Approved-2025-Budget.pdf|024|Recommendations fees|5,000|||5,000||5,000
2025|2|9|27|Approved Budget 2025|https://www.mufuliracouncil.gov.zm/wp-content/uploads/2025/03/Approved-2025-Budget.pdf|033|Refuse disposal|500,000|||500,000||500,000
2025|2|9|28|Approved Budget 2025|https://www.mufuliracouncil.gov.zm/wp-content/uploads/2025/03/Approved-2025-Budget.pdf|038|Library membership fees|12,608|||12,608||12,608
2025|2|9|29|Approved Budget 2025|https://www.mufuliracouncil.gov.zm/wp-content/uploads/2025/03/Approved-2025-Budget.pdf|041|Dumb site fees|2,597|||2,597||2,597
2025|2|9|30|Approved Budget 2025|https://www.mufuliracouncil.gov.zm/wp-content/uploads/2025/03/Approved-2025-Budget.pdf|045|Notice of marriage fees|120,000|||120,000||120,000
2025|2|9|31|Approved Budget 2025|https://www.mufuliracouncil.gov.zm/wp-content/uploads/2025/03/Approved-2025-Budget.pdf|047|Registration of clubs and societies|108,200|||108,200||108,200
2025|2|9|32|Approved Budget 2025|https://www.mufuliracouncil.gov.zm/wp-content/uploads/2025/03/Approved-2025-Budget.pdf|053|Certification of documents|48,690|||48,690||48,690
2025|2|9|33|Approved Budget 2025|https://www.mufuliracouncil.gov.zm/wp-content/uploads/2025/03/Approved-2025-Budget.pdf|059|Land Record|130,000|||130,000||130,000
2025|2|9|34|Approved Budget 2025|https://www.mufuliracouncil.gov.zm/wp-content/uploads/2025/03/Approved-2025-Budget.pdf|063|Billboards and banners|161,759|||161,759||161,759
2025|2|9|35|Approved Budget 2025|https://www.mufuliracouncil.gov.zm/wp-content/uploads/2025/03/Approved-2025-Budget.pdf|065|Council Minutes Extracts|4,354|||4,354||4,354
2025|2|9|36|Approved Budget 2025|https://www.mufuliracouncil.gov.zm/wp-content/uploads/2025/03/Approved-2025-Budget.pdf|066|Penalties|426,690|||426,690||426,690
2025|2|9|37|Approved Budget 2025|https://www.mufuliracouncil.gov.zm/wp-content/uploads/2025/03/Approved-2025-Budget.pdf|086|Abattoir (Slaughter Fees)|30,500|||30,500||30,500
2025|2|9|38|Approved Budget 2025|https://www.mufuliracouncil.gov.zm/wp-content/uploads/2025/03/Approved-2025-Budget.pdf|099|Other fees and charges|5,029,312|||5,039,312||5,039,312
2025|2|9|39|Approved Budget 2025|https://www.mufuliracouncil.gov.zm/wp-content/uploads/2025/03/Approved-2025-Budget.pdf||SubItem Total||11,315,582||11,325,582||11,325,582
2025|3|10|1|Approved Budget 2025|https://www.mufuliracouncil.gov.zm/wp-content/uploads/2025/03/Approved-2025-Budget.pdf|CODE|REVENUE DESCRIPTION|APPROVED BUDGET 2025|||REVISED BUDGET 2026||BUDGET ESTIMATE 2027
2025|3|10|2|Approved Budget 2025|https://www.mufuliracouncil.gov.zm/wp-content/uploads/2025/03/Approved-2025-Budget.pdf|03|Licenses||||||
2025|3|10|3|Approved Budget 2025|https://www.mufuliracouncil.gov.zm/wp-content/uploads/2025/03/Approved-2025-Budget.pdf|001|Occupancy licence|75,740|||75,740||75,740
2025|3|10|4|Approved Budget 2025|https://www.mufuliracouncil.gov.zm/wp-content/uploads/2025/03/Approved-2025-Budget.pdf|002|Liquor licence|77,904|||77,904||77,904
2025|3|10|5|Approved Budget 2025|https://www.mufuliracouncil.gov.zm/wp-content/uploads/2025/03/Approved-2025-Budget.pdf|003|Firearm and ammunition licence|81,150|||81,150||81,150
2025|3|10|6|Approved Budget 2025|https://www.mufuliracouncil.gov.zm/wp-content/uploads/2025/03/Approved-2025-Budget.pdf|004|Petroleum Storage licence|241,200|||241,200||241,200
2025|3|10|7|Approved Budget 2025|https://www.mufuliracouncil.gov.zm/wp-content/uploads/2025/03/Approved-2025-Budget.pdf|005|Dog licence|41,700|||41,700||41,700
2025|3|10|8|Approved Budget 2025|https://www.mufuliracouncil.gov.zm/wp-content/uploads/2025/03/Approved-2025-Budget.pdf|099|Other Licences|24,345|||24,345||24,345
2025|3|10|9|Approved Budget 2025|https://www.mufuliracouncil.gov.zm/wp-content/uploads/2025/03/Approved-2025-Budget.pdf||SubItem Total||542,039||542,039||542,039
2025|3|10|10|Approved Budget 2025|https://www.mufuliracouncil.gov.zm/wp-content/uploads/2025/03/Approved-2025-Budget.pdf|CODE|REVENUE DESCRIPTION|APPROVED BUDGET 2025|||REVISED BUDGET 2026||BUDGET ESTIMATE 2027
2025|3|10|11|Approved Budget 2025|https://www.mufuliracouncil.gov.zm/wp-content/uploads/2025/03/Approved-2025-Budget.pdf|04|Levies||||||
2025|3|10|12|Approved Budget 2025|https://www.mufuliracouncil.gov.zm/wp-content/uploads/2025/03/Approved-2025-Budget.pdf|004|Pole levy|5,810|||5,810||5,810
2025|3|10|13|Approved Budget 2025|https://www.mufuliracouncil.gov.zm/wp-content/uploads/2025/03/Approved-2025-Budget.pdf|010|Timber Levy|162,300|||162,300||162,300
2025|3|10|14|Approved Budget 2025|https://www.mufuliracouncil.gov.zm/wp-content/uploads/2025/03/Approved-2025-Budget.pdf|011|Telecommunication Mast|185,022|||185,022||185,022
2025|3|10|15|Approved Budget 2025|https://www.mufuliracouncil.gov.zm/wp-content/uploads/2025/03/Approved-2025-Budget.pdf|017|Trading (Wholesale) Business Levy|650,617|||650,617||650,617
2025|3|10|16|Approved Budget 2025|https://www.mufuliracouncil.gov.zm/wp-content/uploads/2025/03/Approved-2025-Budget.pdf|020|Trading (Retail) chain stores and supermarkets|1,760,855|||1,760,855||1,760,855
2025|3|10|17|Approved Budget 2025|https://www.mufuliracouncil.gov.zm/wp-content/uploads/2025/03/Approved-2025-Budget.pdf||SubItem Total||2,764,604||2,764,604||2,764,604
2025|3|10|18|Approved Budget 2025|https://www.mufuliracouncil.gov.zm/wp-content/uploads/2025/03/Approved-2025-Budget.pdf|CODE|REVENUE DESCRIPTION|APPROVED BUDGET 2025|||REVISED BUDGET 2026||BUDGET ESTIMATE 2027
2025|3|10|19|Approved Budget 2025|https://www.mufuliracouncil.gov.zm/wp-content/uploads/2025/03/Approved-2025-Budget.pdf|05|Permits||||||
2025|3|10|20|Approved Budget 2025|https://www.mufuliracouncil.gov.zm/wp-content/uploads/2025/03/Approved-2025-Budget.pdf|001|Health permits|803,614|||803,614||803,614
2025|3|10|21|Approved Budget 2025|https://www.mufuliracouncil.gov.zm/wp-content/uploads/2025/03/Approved-2025-Budget.pdf|002|Permit for opaque beer|4,500|||4,500||4,500
2025|3|10|22|Approved Budget 2025|https://www.mufuliracouncil.gov.zm/wp-content/uploads/2025/03/Approved-2025-Budget.pdf|004|Transportation of milk products|98,733|||98,733||98,733
2025|3|10|23|Approved Budget 2025|https://www.mufuliracouncil.gov.zm/wp-content/uploads/2025/03/Approved-2025-Budget.pdf|006|Transportation of opaque beer|11,253|||11,253||11,253
2025|3|10|24|Approved Budget 2025|https://www.mufuliracouncil.gov.zm/wp-content/uploads/2025/03/Approved-2025-Budget.pdf|007|Nursery, pre-school permits|162,300|||162,300||162,300
2025|3|10|25|Approved Budget 2025|https://www.mufuliracouncil.gov.zm/wp-content/uploads/2025/03/Approved-2025-Budget.pdf|008|Burial permits and grave sites|854,371|||854,371||854,371
2025|3|10|26|Approved Budget 2025|https://www.mufuliracouncil.gov.zm/wp-content/uploads/2025/03/Approved-2025-Budget.pdf|009|Fire certificate|1,315,100|||1,315,100||1,315,100
2025|3|10|27|Approved Budget 2025|https://www.mufuliracouncil.gov.zm/wp-content/uploads/2025/03/Approved-2025-Budget.pdf||SubItem Total||3,249,870||3,249,870||3,249,870
2025|3|10|28|Approved Budget 2025|https://www.mufuliracouncil.gov.zm/wp-content/uploads/2025/03/Approved-2025-Budget.pdf|CODE|REVENUE DESCRIPTION|APPROVED BUDGET 2025|||REVISED BUDGET 2026||BUDGET ESTIMATE 2027
2025|3|10|29|Approved Budget 2025|https://www.mufuliracouncil.gov.zm/wp-content/uploads/2025/03/Approved-2025-Budget.pdf|06|Charges||||||
2025|3|10|30|Approved Budget 2025|https://www.mufuliracouncil.gov.zm/wp-content/uploads/2025/03/Approved-2025-Budget.pdf|001|Service Charges Residential plots|900,000|||900,000||900,000
2025|3|10|31|Approved Budget 2025|https://www.mufuliracouncil.gov.zm/wp-content/uploads/2025/03/Approved-2025-Budget.pdf|004|Premium Plot Commercial|335,000|||335,000||335,000
2025|3|10|32|Approved Budget 2025|https://www.mufuliracouncil.gov.zm/wp-content/uploads/2025/03/Approved-2025-Budget.pdf|007|Land Application Charges|72,000|||72,000||72,000
2025|3|10|33|Approved Budget 2025|https://www.mufuliracouncil.gov.zm/wp-content/uploads/2025/03/Approved-2025-Budget.pdf|009|Change of ownership|15,000|||15,000||15,000
2025|3|10|34|Approved Budget 2025|https://www.mufuliracouncil.gov.zm/wp-content/uploads/2025/03/Approved-2025-Budget.pdf|011|Land regularisation|1,190,000|||1,190,000||1,190,000
2025|3|10|35|Approved Budget 2025|https://www.mufuliracouncil.gov.zm/wp-content/uploads/2025/03/Approved-2025-Budget.pdf||SubItem Total||2,512,000||2,512,000||2,512,000
2025|3|10|36|Approved Budget 2025|https://www.mufuliracouncil.gov.zm/wp-content/uploads/2025/03/Approved-2025-Budget.pdf|CODE|REVENUE DESCRIPTION|APPROVED BUDGET 2025|||REVISED BUDGET 2026||BUDGET ESTIMATE 2027
2025|3|10|37|Approved Budget 2025|https://www.mufuliracouncil.gov.zm/wp-content/uploads/2025/03/Approved-2025-Budget.pdf|07|Other Incomes||||||
2025|3|10|38|Approved Budget 2025|https://www.mufuliracouncil.gov.zm/wp-content/uploads/2025/03/Approved-2025-Budget.pdf|002|Surplus/ Deficit from Commercial Ventures|10,000|||11,000||12,000
2025|3|10|39|Approved Budget 2025|https://www.mufuliracouncil.gov.zm/wp-content/uploads/2025/03/Approved-2025-Budget.pdf|099|Other Income|8,115|||8,115||8,115
2025|3|10|40|Approved Budget 2025|https://www.mufuliracouncil.gov.zm/wp-content/uploads/2025/03/Approved-2025-Budget.pdf||SubItem Total||18,115||19,115||20,115
2025|4|11|1|Approved Budget 2025|https://www.mufuliracouncil.gov.zm/wp-content/uploads/2025/03/Approved-2025-Budget.pdf|CODE|REVENUE DESCRIPTION|APPROVED BUDGET 2025||REVISED BUDGET 2026|BUDGET ESTIMATE 2027||
2025|4|11|2|Approved Budget 2025|https://www.mufuliracouncil.gov.zm/wp-content/uploads/2025/03/Approved-2025-Budget.pdf|08|National Support (Grants)||||||
2025|4|11|3|Approved Budget 2025|https://www.mufuliracouncil.gov.zm/wp-content/uploads/2025/03/Approved-2025-Budget.pdf|002|Roads Grant|3,200,587||3,200,587|3,200,587||
2025|4|11|4|Approved Budget 2025|https://www.mufuliracouncil.gov.zm/wp-content/uploads/2025/03/Approved-2025-Budget.pdf|003|Health Grant|6,072,245||6,072,245|6,072,245||
2025|4|11|5|Approved Budget 2025|https://www.mufuliracouncil.gov.zm/wp-content/uploads/2025/03/Approved-2025-Budget.pdf|004|Local Government Equalisation Fund|12,767,534||12,767,534|12,767,534||
2025|4|11|6|Approved Budget 2025|https://www.mufuliracouncil.gov.zm/wp-content/uploads/2025/03/Approved-2025-Budget.pdf|099|Other Grants|15,557,033||15,557,033|15,557,033||
2025|4|11|7|Approved Budget 2025|https://www.mufuliracouncil.gov.zm/wp-content/uploads/2025/03/Approved-2025-Budget.pdf||SubItem Total||37,597,399|37,597,399|37,597,399||
2025|4|11|8|Approved Budget 2025|https://www.mufuliracouncil.gov.zm/wp-content/uploads/2025/03/Approved-2025-Budget.pdf|CODE|REVENUE DESCRIPTION|APPROVED BUDGET 2025||REVISED BUDGET 2026|BUDGET ESTIMATE 2027||
2025|4|11|9|Approved Budget 2025|https://www.mufuliracouncil.gov.zm/wp-content/uploads/2025/03/Approved-2025-Budget.pdf|09|Local Development Fund||||||
2025|4|11|10|Approved Budget 2025|https://www.mufuliracouncil.gov.zm/wp-content/uploads/2025/03/Approved-2025-Budget.pdf|001|Constituency Development Fund|108,174,451||108,174,451|108,174,451||
2025|4|11|11|Approved Budget 2025|https://www.mufuliracouncil.gov.zm/wp-content/uploads/2025/03/Approved-2025-Budget.pdf||SubItem Total||108,174,451|108,174,451|108,174,451||
2025|4|12|1|Approved Budget 2025|https://www.mufuliracouncil.gov.zm/wp-content/uploads/2025/03/Approved-2025-Budget.pdf|Grand Total|218,490,404|219,196,857|219,717,857||||
2025|4|13|1|Approved Budget 2025|https://www.mufuliracouncil.gov.zm/wp-content/uploads/2025/03/Approved-2025-Budget.pdf|No|ECONOMIC CLASSIFICATION|2023 APPROVED BUDGET (K)|2024 APPROVED BUDGET (K)|2025 BUDGET ESTIMATE (K)|||
2025|4|13|2|Approved Budget 2025|https://www.mufuliracouncil.gov.zm/wp-content/uploads/2025/03/Approved-2025-Budget.pdf|21 22 26 27 31 32 41 42|Personal Emoluments Goods and Services Grants and Other Payments(Transfers) Subsidies to Non-Financial Enterprises Non-Financial Assets Financial Assets Current Liabilities (Payable within one year) Long term Liabilities- payable for more than one year|(0) (0) (0) (0) (0) (0) (0) (0)|28,980,482 23,701,686 6,984,926 17,462,316 56,277,033 10,477,390 4,146,453 707,513|35,478,595 55,142,219 18,149,379 18,586,338 61,424,433 11,151,803 18,557,639 -|||
2025|4|13|3|Approved Budget 2025|https://www.mufuliracouncil.gov.zm/wp-content/uploads/2025/03/Approved-2025-Budget.pdf||Head Total|(0)|148,737,799|218,490,404|||
2025|6|14|1|Approved Budget 2025|https://www.mufuliracouncil.gov.zm/wp-content/uploads/2025/03/Approved-2025-Budget.pdf|Code|Programme|2023 Approved Budget(K)|2024 Approved Budget(K)|2025 Budget Estimates(K)|||
2025|6|14|2|Approved Budget 2025|https://www.mufuliracouncil.gov.zm/wp-content/uploads/2025/03/Approved-2025-Budget.pdf|1 2 3 4 5 6 7 8 10 11 12 13 15 16 17 18|Constituency Development Local Governance Integrated Development Planning Economic and Business Development Public Health and Environmental Protection Housing and Community Amenities Recreation Culture and Religion Education and Skills Development Public Order and Safety Management and Support Services Resource Mobilisation and Management District Health Services Transport Services Agricultural Services Fisheries and Livestock Social Protection and Community Development|(0)|91,906,926 3,270,323 66,890 - 3,118,341 9,656,680 69,138 401,848 371,880 39,778,283 - 97,490 (0) (0) (0) -|108,174,452 1,386,795 1,776,704 141,800 2,748,521 13,304,768 3,576,412 468,247 557,310 52,565,607 9,239,510 6,072,245 3,200,587 520,000 486,160 14,271,287|||
2025|6|14|3|Approved Budget 2025|https://www.mufuliracouncil.gov.zm/wp-content/uploads/2025/03/Approved-2025-Budget.pdf|||(0)|||||
2025|6|14|4|Approved Budget 2025|https://www.mufuliracouncil.gov.zm/wp-content/uploads/2025/03/Approved-2025-Budget.pdf|||(0)|||||
2025|6|14|5|Approved Budget 2025|https://www.mufuliracouncil.gov.zm/wp-content/uploads/2025/03/Approved-2025-Budget.pdf|||(0)|||||
2025|6|14|6|Approved Budget 2025|https://www.mufuliracouncil.gov.zm/wp-content/uploads/2025/03/Approved-2025-Budget.pdf|||(0)|||||
2025|6|14|7|Approved Budget 2025|https://www.mufuliracouncil.gov.zm/wp-content/uploads/2025/03/Approved-2025-Budget.pdf|||(0)|||||
2025|6|14|8|Approved Budget 2025|https://www.mufuliracouncil.gov.zm/wp-content/uploads/2025/03/Approved-2025-Budget.pdf|||(0)|||||
2025|6|14|9|Approved Budget 2025|https://www.mufuliracouncil.gov.zm/wp-content/uploads/2025/03/Approved-2025-Budget.pdf|||(0)|||||
2025|6|14|10|Approved Budget 2025|https://www.mufuliracouncil.gov.zm/wp-content/uploads/2025/03/Approved-2025-Budget.pdf|||(0)|||||
2025|6|14|11|Approved Budget 2025|https://www.mufuliracouncil.gov.zm/wp-content/uploads/2025/03/Approved-2025-Budget.pdf|||(0)|||||
2025|6|14|12|Approved Budget 2025|https://www.mufuliracouncil.gov.zm/wp-content/uploads/2025/03/Approved-2025-Budget.pdf|||(0)|||||
2025|6|14|13|Approved Budget 2025|https://www.mufuliracouncil.gov.zm/wp-content/uploads/2025/03/Approved-2025-Budget.pdf|||(0)|||||
2025|6|14|14|Approved Budget 2025|https://www.mufuliracouncil.gov.zm/wp-content/uploads/2025/03/Approved-2025-Budget.pdf|||(0)|||||
2025|6|14|15|Approved Budget 2025|https://www.mufuliracouncil.gov.zm/wp-content/uploads/2025/03/Approved-2025-Budget.pdf|||(0)|||||
2025|6|14|16|Approved Budget 2025|https://www.mufuliracouncil.gov.zm/wp-content/uploads/2025/03/Approved-2025-Budget.pdf|||(0)|||||
2025|6|14|17|Approved Budget 2025|https://www.mufuliracouncil.gov.zm/wp-content/uploads/2025/03/Approved-2025-Budget.pdf|||(0)|||||
2025|6|14|18|Approved Budget 2025|https://www.mufuliracouncil.gov.zm/wp-content/uploads/2025/03/Approved-2025-Budget.pdf||Head Total|(0)|148,737,799|218,490,404|||
2025|7|15|1|Approved Budget 2025|https://www.mufuliracouncil.gov.zm/wp-content/uploads/2025/03/Approved-2025-Budget.pdf|PROGRAMME/SUB-PROGRAMME|2023 BUDGET||2024 BUDGET||2025 BUDGET||
2025|7|15|2|Approved Budget 2025|https://www.mufuliracouncil.gov.zm/wp-content/uploads/2025/03/Approved-2025-Budget.pdf||Approved|Expendit ure|Approved|Expendit ure*|Estimate||
2025|8|16|1|Approved Budget 2025|https://www.mufuliracouncil.gov.zm/wp-content/uploads/2025/03/Approved-2025-Budget.pdf|Head Total||(0)|(0)|148,737,799|(0)|218,490,404|
2025|11|17|1|Approved Budget 2025|https://www.mufuliracouncil.gov.zm/wp-content/uploads/2025/03/Approved-2025-Budget.pdf|ECONOMIC CLASSIFICATION|2023 BUDGET||||2024 BUDGET||2025 BUDGET
2025|11|17|2|Approved Budget 2025|https://www.mufuliracouncil.gov.zm/wp-content/uploads/2025/03/Approved-2025-Budget.pdf||Approved|Expendit ure|||Approved|Expendit ure*|Estimates
2025|11|17|3|Approved Budget 2025|https://www.mufuliracouncil.gov.zm/wp-content/uploads/2025/03/Approved-2025-Budget.pdf|02Use of Goods and Services 02General Operations 02Engineering 03Transfers 01Transfers 02Subsidies 04Assets 01Non-Financial Assets (Capital Expenditure) 02Financial Assets|- - - - - - - - -|- - - - - - - - -|||4,595,346 4,595,346 - 24,447,242 6,984,926 17,462,316 62,864,337 52,386,948 10,477,390|-|15,242,764 15,242,764 9,834,041 26,020,873 7,434,535 18,586,338 66,910,815 55,759,013 11,151,803
2025|11|17|4|Approved Budget 2025|https://www.mufuliracouncil.gov.zm/wp-content/uploads/2025/03/Approved-2025-Budget.pdf|||||||-|
2025|11|17|5|Approved Budget 2025|https://www.mufuliracouncil.gov.zm/wp-content/uploads/2025/03/Approved-2025-Budget.pdf|||||||-|
2025|11|17|6|Approved Budget 2025|https://www.mufuliracouncil.gov.zm/wp-content/uploads/2025/03/Approved-2025-Budget.pdf|||||||-|
2025|11|17|7|Approved Budget 2025|https://www.mufuliracouncil.gov.zm/wp-content/uploads/2025/03/Approved-2025-Budget.pdf|||||||-|
2025|11|17|8|Approved Budget 2025|https://www.mufuliracouncil.gov.zm/wp-content/uploads/2025/03/Approved-2025-Budget.pdf|||||||-|
2025|11|17|9|Approved Budget 2025|https://www.mufuliracouncil.gov.zm/wp-content/uploads/2025/03/Approved-2025-Budget.pdf|||||||-|
2025|11|17|10|Approved Budget 2025|https://www.mufuliracouncil.gov.zm/wp-content/uploads/2025/03/Approved-2025-Budget.pdf|||||||-|
2025|11|17|11|Approved Budget 2025|https://www.mufuliracouncil.gov.zm/wp-content/uploads/2025/03/Approved-2025-Budget.pdf|||||||-|
2025|11|17|12|Approved Budget 2025|https://www.mufuliracouncil.gov.zm/wp-content/uploads/2025/03/Approved-2025-Budget.pdf|Programme Total|(0)|(0)|||||108,174,452
2025|11|17|13|Approved Budget 2025|https://www.mufuliracouncil.gov.zm/wp-content/uploads/2025/03/Approved-2025-Budget.pdf||||||91,906,926|(0)|
2025|12|18|1|Approved Budget 2025|https://www.mufuliracouncil.gov.zm/wp-content/uploads/2025/03/Approved-2025-Budget.pdf|PROGRAMME/SUBPROGRAMME|2023 BUDGET||2024 BUDGET||2025 BUDGET||
2025|12|18|2|Approved Budget 2025|https://www.mufuliracouncil.gov.zm/wp-content/uploads/2025/03/Approved-2025-Budget.pdf||Approved|Expendit ure|Approved|Expendit ure*|Estimates||
2025|12|19|1|Approved Budget 2025|https://www.mufuliracouncil.gov.zm/wp-content/uploads/2025/03/Approved-2025-Budget.pdf|Programme Total|(0)|(0)|91,906,92|6|(0)|110088,,117744,,445522|
2025|13|20|1|Approved Budget 2025|https://www.mufuliracouncil.gov.zm/wp-content/uploads/2025/03/Approved-2025-Budget.pdf|Key Output and Output Indicator|2023||2024||2025||
2025|13|20|2|Approved Budget 2025|https://www.mufuliracouncil.gov.zm/wp-content/uploads/2025/03/Approved-2025-Budget.pdf||Target|Actual|Target|Actual*|Target||
2025|13|20|3|Approved Budget 2025|https://www.mufuliracouncil.gov.zm/wp-content/uploads/2025/03/Approved-2025-Budget.pdf|Sustainable development Infrastructure implemented 01 Number of School desks purchased 02 Kilometers of feeder roads rehabilitated 03 Number of maternity annexies constructed|- (0) (0)|- (0) (0)|- (0) (0)|- (0) (0)|2,100 63 3||
2025|13|20|4|Approved Budget 2025|https://www.mufuliracouncil.gov.zm/wp-content/uploads/2025/03/Approved-2025-Budget.pdf|Empowerment Grants and Loans Disbursed 01 Number of women groups empowered with grants 02 Number of youth groups empowered with grants 03 Number of women/youth groups empowered with loans|- (0) (0)|- (0) (0)|- (0) (0)|- (0) (0)|150 150 60||
2025|13|20|5|Approved Budget 2025|https://www.mufuliracouncil.gov.zm/wp-content/uploads/2025/03/Approved-2025-Budget.pdf|Implementation of the Constituency Development Fund Enhanced 01 Number of CDF monitoring and evaluation visits conducted 02 Percentage of CDF Projects Branded 03 Number of CDF Committee meetings held|- (0) (0)|- (0) (0)|- (0) (0)|- (0) (0)|48 100 24||
2025|13|21|1|Approved Budget 2025|https://www.mufuliracouncil.gov.zm/wp-content/uploads/2025/03/Approved-2025-Budget.pdf|Youths skills development bursaries accessed 01 Number of youths accessing skills development bursaries|(0)|(0)|(0)|(0)|1,400||
2025|14|22|1|Approved Budget 2025|https://www.mufuliracouncil.gov.zm/wp-content/uploads/2025/03/Approved-2025-Budget.pdf|ECONOMIC CLASSIFICATION|2023 BUDGET|||2024 BUDGET||2025 BUDGET|
2025|14|22|2|Approved Budget 2025|https://www.mufuliracouncil.gov.zm/wp-content/uploads/2025/03/Approved-2025-Budget.pdf||Approved|Expendit ure||Approved|Expendit ure*|Estimates|
2025|14|22|3|Approved Budget 2025|https://www.mufuliracouncil.gov.zm/wp-content/uploads/2025/03/Approved-2025-Budget.pdf|01Personal Emoluments 01Salaries and Wages 01Committee 02Use of Goods and Services 02General Operations 02Committee 04Assets 01Non-Financial Assets (Capital Expenditure)|- - - - - - - -|- - - - - - - -||- - - 2,804,510 2,804,510 - 465,813 465,813|-|917,268 917,268 917,268 447,888 447,888 42,000 21,640 21,640|
2025|14|22|4|Approved Budget 2025|https://www.mufuliracouncil.gov.zm/wp-content/uploads/2025/03/Approved-2025-Budget.pdf||||||-||
2025|14|22|5|Approved Budget 2025|https://www.mufuliracouncil.gov.zm/wp-content/uploads/2025/03/Approved-2025-Budget.pdf||||||-||
2025|14|22|6|Approved Budget 2025|https://www.mufuliracouncil.gov.zm/wp-content/uploads/2025/03/Approved-2025-Budget.pdf||||||-||
2025|14|22|7|Approved Budget 2025|https://www.mufuliracouncil.gov.zm/wp-content/uploads/2025/03/Approved-2025-Budget.pdf||||||-||
2025|14|22|8|Approved Budget 2025|https://www.mufuliracouncil.gov.zm/wp-content/uploads/2025/03/Approved-2025-Budget.pdf||||||-||
2025|14|22|9|Approved Budget 2025|https://www.mufuliracouncil.gov.zm/wp-content/uploads/2025/03/Approved-2025-Budget.pdf||||||-||
2025|14|22|10|Approved Budget 2025|https://www.mufuliracouncil.gov.zm/wp-content/uploads/2025/03/Approved-2025-Budget.pdf||||||-||
2025|14|22|11|Approved Budget 2025|https://www.mufuliracouncil.gov.zm/wp-content/uploads/2025/03/Approved-2025-Budget.pdf|Programme Total|(0)|(0)||3,270,323|(0)|1,386,795|
2025|14|23|1|Approved Budget 2025|https://www.mufuliracouncil.gov.zm/wp-content/uploads/2025/03/Approved-2025-Budget.pdf|PROGRAMME/SUBPROGRAMME|2023 BUDGET||2024 BUDGET|||2025 BUDGET|
2025|14|23|2|Approved Budget 2025|https://www.mufuliracouncil.gov.zm/wp-content/uploads/2025/03/Approved-2025-Budget.pdf||Approved|Expendit ure|Approved||Expendit ure*|Estimates|
2025|14|23|3|Approved Budget 2025|https://www.mufuliracouncil.gov.zm/wp-content/uploads/2025/03/Approved-2025-Budget.pdf|2 Local Governance 040 Local Election 044 Legislative Function 045 Citizen Engagement|(0) (0) (0) (0)|(0) (0) (0)|3,270,323 - 3,270,323 (0)||(0) (0) (0)|1,386,795 744,330 600,465 42,000|
2025|14|23|4|Approved Budget 2025|https://www.mufuliracouncil.gov.zm/wp-content/uploads/2025/03/Approved-2025-Budget.pdf|Programme Total|(0)|(0)|3,270,32|3|(0)|1,13,8368,67,97595|
2025|15|24|1|Approved Budget 2025|https://www.mufuliracouncil.gov.zm/wp-content/uploads/2025/03/Approved-2025-Budget.pdf|Key Output and Output Indicator|2023||2024||2025||
2025|15|24|2|Approved Budget 2025|https://www.mufuliracouncil.gov.zm/wp-content/uploads/2025/03/Approved-2025-Budget.pdf||Target|Actual|Target|Actual*|Target||
2025|15|24|3|Approved Budget 2025|https://www.mufuliracouncil.gov.zm/wp-content/uploads/2025/03/Approved-2025-Budget.pdf|Ward Development Committees operationalized 01 Number of Ward Development Committees operationalized|(0)|(0)|(0)|(0)|30||
2025|15|24|4|Approved Budget 2025|https://www.mufuliracouncil.gov.zm/wp-content/uploads/2025/03/Approved-2025-Budget.pdf|Council committee meetings held 01 Nummber of ordinary council meetings held 02 Number of Special Council Meetings held 03 Number of Standing Committee Meetings held|- (0) (0)|- (0) (0)|- (0) (0)|- (0) (0)|4 2 19||
2025|15|24|5|Approved Budget 2025|https://www.mufuliracouncil.gov.zm/wp-content/uploads/2025/03/Approved-2025-Budget.pdf|Citizen engagement programmes conducted 01 Number of radio programs broadcasted|-|-|-|-|12||
2025|16|25|1|Approved Budget 2025|https://www.mufuliracouncil.gov.zm/wp-content/uploads/2025/03/Approved-2025-Budget.pdf|ECONOMIC CLASSIFICATION|2023 BUDGET|||2024 BUDGET||2025 BUDGET|
2025|16|25|2|Approved Budget 2025|https://www.mufuliracouncil.gov.zm/wp-content/uploads/2025/03/Approved-2025-Budget.pdf||Approved|Expendit ure||Approved|Expendit ure*|Estimates|
2025|16|25|3|Approved Budget 2025|https://www.mufuliracouncil.gov.zm/wp-content/uploads/2025/03/Approved-2025-Budget.pdf|01Personal Emoluments 01Salaries and Wages 01 Socio-Economic 01Town Planning 02Use of Goods and Services 02General Operations 01 Socio-Economic 02Environmental Planning|- - - - - - - -|- - - - - - - -||- - - - 66,890 66,890 - -|-|1,250,838 1,250,838 560,742 690,096 525,866 525,866 228,280 58,650|
2025|16|25|4|Approved Budget 2025|https://www.mufuliracouncil.gov.zm/wp-content/uploads/2025/03/Approved-2025-Budget.pdf||||||-||
2025|16|25|5|Approved Budget 2025|https://www.mufuliracouncil.gov.zm/wp-content/uploads/2025/03/Approved-2025-Budget.pdf||||||-||
2025|16|25|6|Approved Budget 2025|https://www.mufuliracouncil.gov.zm/wp-content/uploads/2025/03/Approved-2025-Budget.pdf||||||-||
2025|16|25|7|Approved Budget 2025|https://www.mufuliracouncil.gov.zm/wp-content/uploads/2025/03/Approved-2025-Budget.pdf||||||-||
2025|16|25|8|Approved Budget 2025|https://www.mufuliracouncil.gov.zm/wp-content/uploads/2025/03/Approved-2025-Budget.pdf||||||-||
2025|16|25|9|Approved Budget 2025|https://www.mufuliracouncil.gov.zm/wp-content/uploads/2025/03/Approved-2025-Budget.pdf||||||-||
2025|16|25|10|Approved Budget 2025|https://www.mufuliracouncil.gov.zm/wp-content/uploads/2025/03/Approved-2025-Budget.pdf||||||-||
2025|16|25|11|Approved Budget 2025|https://www.mufuliracouncil.gov.zm/wp-content/uploads/2025/03/Approved-2025-Budget.pdf|Programme Total|(0)|(0)||66,890|(0)|1,776,704|
2025|16|26|1|Approved Budget 2025|https://www.mufuliracouncil.gov.zm/wp-content/uploads/2025/03/Approved-2025-Budget.pdf|PROGRAMME/SUBPROGRAMME|2023 BUDGET||2024 BUDGET|||2025 BUDGET|
2025|16|26|2|Approved Budget 2025|https://www.mufuliracouncil.gov.zm/wp-content/uploads/2025/03/Approved-2025-Budget.pdf||Approved|Expendit ure|Approved||Expendit ure*|Estimates|
2025|16|26|3|Approved Budget 2025|https://www.mufuliracouncil.gov.zm/wp-content/uploads/2025/03/Approved-2025-Budget.pdf|3 Integrated Development Planning 006 Environmental Planning 021 Spatial Planning 033 Socio Economic Planning|(0) (0) (0) (0)|(0) (0) (0)|66,890 (0) 66,890 -||(0) (0) (0)|1,776,704 58,650 929,032 789,022|
2025|16|26|4|Approved Budget 2025|https://www.mufuliracouncil.gov.zm/wp-content/uploads/2025/03/Approved-2025-Budget.pdf|Programme Total|(0)|(0)|66,89|0|(0)|1,17,7767,67,07404|
2025|17|27|1|Approved Budget 2025|https://www.mufuliracouncil.gov.zm/wp-content/uploads/2025/03/Approved-2025-Budget.pdf|Key Output and Output Indicator|2023||2024||2025||
2025|17|27|2|Approved Budget 2025|https://www.mufuliracouncil.gov.zm/wp-content/uploads/2025/03/Approved-2025-Budget.pdf||Target|Actual|Target|Actual*|Target||
2025|17|27|3|Approved Budget 2025|https://www.mufuliracouncil.gov.zm/wp-content/uploads/2025/03/Approved-2025-Budget.pdf|Local area plan developed 01 Number of local area plan developed|(0)|(0)|(0)|(0)|4||
2025|17|27|4|Approved Budget 2025|https://www.mufuliracouncil.gov.zm/wp-content/uploads/2025/03/Approved-2025-Budget.pdf|District Land audit exercise implemented 01 Number of areas audited|(0)|(0)|(0)|(0)|3||
2025|17|27|5|Approved Budget 2025|https://www.mufuliracouncil.gov.zm/wp-content/uploads/2025/03/Approved-2025-Budget.pdf|R(cid:9)egularisation program implemented and operationalized 01 Number of properties regularized|(0)|(0)|(0)|(0)|51||
2025|17|27|6|Approved Budget 2025|https://www.mufuliracouncil.gov.zm/wp-content/uploads/2025/03/Approved-2025-Budget.pdf|S(cid:9)urveying and beaconing of plots activities implemented 01 Number of plots beaconed 02 Number of beacons verified and replaced|(0) (0)|(0) (0)|(0) (0)|(0) (0)|117 100||
2025|17|27|7|Approved Budget 2025|https://www.mufuliracouncil.gov.zm/wp-content/uploads/2025/03/Approved-2025-Budget.pdf|District Development Committee Meetings held 01 Number of District Development Coordinating Committee meetings held|(0)|(0)|(0)|(0)|4||
2025|17|27|8|Approved Budget 2025|https://www.mufuliracouncil.gov.zm/wp-content/uploads/2025/03/Approved-2025-Budget.pdf|Gender workplace policy formulated 01 Number of gender workplace policy formulated|(0)|(0)|(0)|(0)|1||
2025|17|27|9|Approved Budget 2025|https://www.mufuliracouncil.gov.zm/wp-content/uploads/2025/03/Approved-2025-Budget.pdf|Ward Development Committee Operations monitored 01 Number of WDC Monitoring visits conducted|(0)|(0)|(0)|(0)|30||
2025|17|27|10|Approved Budget 2025|https://www.mufuliracouncil.gov.zm/wp-content/uploads/2025/03/Approved-2025-Budget.pdf|HIV/AIDS Activities coordinated and Supported 01 Number of events commemorated 02 Number of Condoms collected and distributed 03 Number of IEC Materials collected and distributed|(0) (0) (0)|(0) (0) (0)|(0) (0) (0)|(0) (0) (0)|4 300,000 300||
2025|17|27|11|Approved Budget 2025|https://www.mufuliracouncil.gov.zm/wp-content/uploads/2025/03/Approved-2025-Budget.pdf|(cid:9)IDP performance review conducted 01 Number of IDP performance review meetings conducted|(0)|(0)|(0)|(0)|1||
2025|17|27|12|Approved Budget 2025|https://www.mufuliracouncil.gov.zm/wp-content/uploads/2025/03/Approved-2025-Budget.pdf|A(cid:9) green and sustainable environment attained 01 Number of environmental assessments conducted 02 Number of environmental Compliance inspections conducted|(0) (0)|(0) (0)|(0) (0)|(0) (0)|12 4||
2025|18|28|1|Approved Budget 2025|https://www.mufuliracouncil.gov.zm/wp-content/uploads/2025/03/Approved-2025-Budget.pdf|ECONOMIC CLASSIFICATION|2023 BUDGET|||2024 BUDGET||2025 BUDGET|
2025|18|28|2|Approved Budget 2025|https://www.mufuliracouncil.gov.zm/wp-content/uploads/2025/03/Approved-2025-Budget.pdf||Approved|Expendit ure||Approved|Expendit ure*|Estimates|
2025|18|28|3|Approved Budget 2025|https://www.mufuliracouncil.gov.zm/wp-content/uploads/2025/03/Approved-2025-Budget.pdf|02Use of Goods and Services 02General Operations 02Licensing 04Assets 01Non-Financial Assets (Capital Expenditure) 02Licensing|- - - - - -|- - - - - -||- - - - - -|-|88,200 88,200 88,200 53,600 53,600 53,600|
2025|18|28|4|Approved Budget 2025|https://www.mufuliracouncil.gov.zm/wp-content/uploads/2025/03/Approved-2025-Budget.pdf||||||-||
2025|18|28|5|Approved Budget 2025|https://www.mufuliracouncil.gov.zm/wp-content/uploads/2025/03/Approved-2025-Budget.pdf||||||-||
2025|18|28|6|Approved Budget 2025|https://www.mufuliracouncil.gov.zm/wp-content/uploads/2025/03/Approved-2025-Budget.pdf||||||-||
2025|18|28|7|Approved Budget 2025|https://www.mufuliracouncil.gov.zm/wp-content/uploads/2025/03/Approved-2025-Budget.pdf||||||-||
2025|18|28|8|Approved Budget 2025|https://www.mufuliracouncil.gov.zm/wp-content/uploads/2025/03/Approved-2025-Budget.pdf||||||-||
2025|18|28|9|Approved Budget 2025|https://www.mufuliracouncil.gov.zm/wp-content/uploads/2025/03/Approved-2025-Budget.pdf|Programme Total|(0)|(0)||-|(0)|141,800|
2025|18|29|1|Approved Budget 2025|https://www.mufuliracouncil.gov.zm/wp-content/uploads/2025/03/Approved-2025-Budget.pdf|PROGRAMME/SUBPROGRAMME|2023 BUDGET||2024 BUDGET|||2025 BUDGET|
2025|18|29|2|Approved Budget 2025|https://www.mufuliracouncil.gov.zm/wp-content/uploads/2025/03/Approved-2025-Budget.pdf||Approved|Expendit ure|Approved||Expendit ure*|Estimates 141,800 141,800|
2025|18|29|3|Approved Budget 2025|https://www.mufuliracouncil.gov.zm/wp-content/uploads/2025/03/Approved-2025-Budget.pdf|4 Economic and Business Development 038 Trade Facilitation and Licensing|(0) (0)|(0)|- -||(0)||
2025|18|29|4|Approved Budget 2025|https://www.mufuliracouncil.gov.zm/wp-content/uploads/2025/03/Approved-2025-Budget.pdf|Programme Total|(0)|(0)||-|(0)|1411,4810,0800|
2025|19|30|1|Approved Budget 2025|https://www.mufuliracouncil.gov.zm/wp-content/uploads/2025/03/Approved-2025-Budget.pdf|Key Output and Output Indicator|2023||2024||2025||
2025|19|30|2|Approved Budget 2025|https://www.mufuliracouncil.gov.zm/wp-content/uploads/2025/03/Approved-2025-Budget.pdf||Target|Actual|Target|Actual*|Target||
2025|19|30|3|Approved Budget 2025|https://www.mufuliracouncil.gov.zm/wp-content/uploads/2025/03/Approved-2025-Budget.pdf|Businesses registered 01 Number of business levy certificates issued|(0)|(0)|(0)|(0)|1,722||
2025|20|31|1|Approved Budget 2025|https://www.mufuliracouncil.gov.zm/wp-content/uploads/2025/03/Approved-2025-Budget.pdf|ECONOMIC CLASSIFICATION|2023 BUDGET|||2024 BUDGET||2025 BUDGET|
2025|20|31|2|Approved Budget 2025|https://www.mufuliracouncil.gov.zm/wp-content/uploads/2025/03/Approved-2025-Budget.pdf||Approved|Expendit ure||Approved|Expendit ure*|Estimates|
2025|20|31|3|Approved Budget 2025|https://www.mufuliracouncil.gov.zm/wp-content/uploads/2025/03/Approved-2025-Budget.pdf|01Personal Emoluments 01Salaries and Wages 01Cemetery and Funeral Services 02Health Inspectorate 02Use of Goods and Services 02General Operations 01Solid Waste Management 02Health Inspectorate 04Assets 01Non-Financial Assets (Capital Expenditure) 01Solid Waste Management|- - - - - - - - - - -|- - - - - - - - - - -||- - - - 3,000,391 3,000,391 - 2,862,341 117,950 117,950 -|-|789,043 789,043 228,514 560,529 1,489,479 1,489,479 915,275 504,404 470,000 470,000 470,000|
2025|20|31|4|Approved Budget 2025|https://www.mufuliracouncil.gov.zm/wp-content/uploads/2025/03/Approved-2025-Budget.pdf||||||-||
2025|20|31|5|Approved Budget 2025|https://www.mufuliracouncil.gov.zm/wp-content/uploads/2025/03/Approved-2025-Budget.pdf||||||-||
2025|20|31|6|Approved Budget 2025|https://www.mufuliracouncil.gov.zm/wp-content/uploads/2025/03/Approved-2025-Budget.pdf||||||-||
2025|20|31|7|Approved Budget 2025|https://www.mufuliracouncil.gov.zm/wp-content/uploads/2025/03/Approved-2025-Budget.pdf||||||-||
2025|20|31|8|Approved Budget 2025|https://www.mufuliracouncil.gov.zm/wp-content/uploads/2025/03/Approved-2025-Budget.pdf||||||-||
2025|20|31|9|Approved Budget 2025|https://www.mufuliracouncil.gov.zm/wp-content/uploads/2025/03/Approved-2025-Budget.pdf||||||-||
2025|20|31|10|Approved Budget 2025|https://www.mufuliracouncil.gov.zm/wp-content/uploads/2025/03/Approved-2025-Budget.pdf||||||-||
2025|20|31|11|Approved Budget 2025|https://www.mufuliracouncil.gov.zm/wp-content/uploads/2025/03/Approved-2025-Budget.pdf||||||-||
2025|20|31|12|Approved Budget 2025|https://www.mufuliracouncil.gov.zm/wp-content/uploads/2025/03/Approved-2025-Budget.pdf||||||-||
2025|20|31|13|Approved Budget 2025|https://www.mufuliracouncil.gov.zm/wp-content/uploads/2025/03/Approved-2025-Budget.pdf||||||-||
2025|20|31|14|Approved Budget 2025|https://www.mufuliracouncil.gov.zm/wp-content/uploads/2025/03/Approved-2025-Budget.pdf|Programme Total|(0)|(0)||3,118,341|(0)|2,748,521|
2025|20|32|1|Approved Budget 2025|https://www.mufuliracouncil.gov.zm/wp-content/uploads/2025/03/Approved-2025-Budget.pdf|PROGRAMME/SUBPROGRAMME|2023 BUDGET||2024 BUDGET|||2025 BUDGET|
2025|20|32|2|Approved Budget 2025|https://www.mufuliracouncil.gov.zm/wp-content/uploads/2025/03/Approved-2025-Budget.pdf||Approved|Expendit ure|Approved||Expendit ure*|Estimates 2,748,521 298,314 1,064,933 1,385,275 2,27,4784,85,25121|
2025|20|32|3|Approved Budget 2025|https://www.mufuliracouncil.gov.zm/wp-content/uploads/2025/03/Approved-2025-Budget.pdf|5 Public Health and Environmental Protection 015 Cemetery and Funeral Services 019 Health Inspections 027 Solid Waste Management|(0) (0) (0) (0)|(0) (0) (0)|3,118,341 143,050 2,975,291 (0)||(0) (0) (0)||
2025|20|32|4|Approved Budget 2025|https://www.mufuliracouncil.gov.zm/wp-content/uploads/2025/03/Approved-2025-Budget.pdf|Programme Total|(0)|(0)|3,118,34|1|(0)|2,27,4784,85,25121|
2025|21|33|1|Approved Budget 2025|https://www.mufuliracouncil.gov.zm/wp-content/uploads/2025/03/Approved-2025-Budget.pdf|Key Output and Output Indicator|2023||2024||2025||
2025|21|33|2|Approved Budget 2025|https://www.mufuliracouncil.gov.zm/wp-content/uploads/2025/03/Approved-2025-Budget.pdf||Target|Actual|Target|Actual*|Target||
2025|21|33|3|Approved Budget 2025|https://www.mufuliracouncil.gov.zm/wp-content/uploads/2025/03/Approved-2025-Budget.pdf|Cemeteries maintained 01 Number of cemeteries maintained 02 Percentage of Unclaimed bodies disposed off|(0) (0)|(0) (0)|(0) (0)|(0) (0)|5 100||
2025|21|33|4|Approved Budget 2025|https://www.mufuliracouncil.gov.zm/wp-content/uploads/2025/03/Approved-2025-Budget.pdf|Health and safety of humans/environment improved 01 Number of events commemorated|(0)|(0)|(0)|(0)|6||
2025|21|33|5|Approved Budget 2025|https://www.mufuliracouncil.gov.zm/wp-content/uploads/2025/03/Approved-2025-Budget.pdf|Dogs registered 01 Number of dogs registered|(0)|(0)|(0)|(0)|200||
2025|21|33|6|Approved Budget 2025|https://www.mufuliracouncil.gov.zm/wp-content/uploads/2025/03/Approved-2025-Budget.pdf|Solid Waste Collected 01 Percentage of solid waste collected 02 Number of dumpsites well maintained|(0) (0)|(0) (0)|(0) (0)|(0) (0)|100 1||
2025|22|34|1|Approved Budget 2025|https://www.mufuliracouncil.gov.zm/wp-content/uploads/2025/03/Approved-2025-Budget.pdf|ECONOMIC CLASSIFICATION|2023 BUDGET||||2024 BUDGET||2025 BUDGET
2025|22|34|2|Approved Budget 2025|https://www.mufuliracouncil.gov.zm/wp-content/uploads/2025/03/Approved-2025-Budget.pdf||Approved|Expendit ure|||Approved|Expendit ure*|Estimates
2025|22|34|3|Approved Budget 2025|https://www.mufuliracouncil.gov.zm/wp-content/uploads/2025/03/Approved-2025-Budget.pdf|01Personal Emoluments 01Salaries and Wages 01Fire Services 01Parks & Gardens 01Water and Sanitation 02Engineering/ Buildings 02Mechnical Section 04Civil Eng 02Use of Goods and Services 02General Operations 01Community Development 01Water and Sanitation 02Engineering/ Buildings 04Civil Eng 12Settlements 04Assets 01Non-Financial Assets (Capital Expenditure) 01Parks & Gardens 01Water and Sanitation 02Engineering/ Buildings 04Civil Eng|- - - - - - - - - - - - - - - - - - - - -|- - - - - - - - - - - - - - - - - - - - -|||5,625,790 5,625,790 - - - - 5,625,790 - 3,928,050 3,928,050 - - - - - 102,840 102,840 - - - -|-|4,805,149 4,805,149 3,347,838 117,830 139,091 632,544 122,911 444,934 8,169,234 8,169,234 61,680 263,624 322,217 4,956,100 45,820 330,385 330,385 86,885 145,000 50,000 48,500
2025|22|34|4|Approved Budget 2025|https://www.mufuliracouncil.gov.zm/wp-content/uploads/2025/03/Approved-2025-Budget.pdf|||||||-|
2025|22|34|5|Approved Budget 2025|https://www.mufuliracouncil.gov.zm/wp-content/uploads/2025/03/Approved-2025-Budget.pdf|||||||-|
2025|22|34|6|Approved Budget 2025|https://www.mufuliracouncil.gov.zm/wp-content/uploads/2025/03/Approved-2025-Budget.pdf|||||||-|
2025|22|34|7|Approved Budget 2025|https://www.mufuliracouncil.gov.zm/wp-content/uploads/2025/03/Approved-2025-Budget.pdf|||||||-|
2025|22|34|8|Approved Budget 2025|https://www.mufuliracouncil.gov.zm/wp-content/uploads/2025/03/Approved-2025-Budget.pdf|||||||-|
2025|22|34|9|Approved Budget 2025|https://www.mufuliracouncil.gov.zm/wp-content/uploads/2025/03/Approved-2025-Budget.pdf|||||||-|
2025|22|34|10|Approved Budget 2025|https://www.mufuliracouncil.gov.zm/wp-content/uploads/2025/03/Approved-2025-Budget.pdf|||||||-|
2025|22|34|11|Approved Budget 2025|https://www.mufuliracouncil.gov.zm/wp-content/uploads/2025/03/Approved-2025-Budget.pdf|||||||-|
2025|22|34|12|Approved Budget 2025|https://www.mufuliracouncil.gov.zm/wp-content/uploads/2025/03/Approved-2025-Budget.pdf|||||||-|
2025|22|34|13|Approved Budget 2025|https://www.mufuliracouncil.gov.zm/wp-content/uploads/2025/03/Approved-2025-Budget.pdf|||||||-|
2025|22|34|14|Approved Budget 2025|https://www.mufuliracouncil.gov.zm/wp-content/uploads/2025/03/Approved-2025-Budget.pdf|||||||-|
2025|22|34|15|Approved Budget 2025|https://www.mufuliracouncil.gov.zm/wp-content/uploads/2025/03/Approved-2025-Budget.pdf|||||||-|
2025|22|34|16|Approved Budget 2025|https://www.mufuliracouncil.gov.zm/wp-content/uploads/2025/03/Approved-2025-Budget.pdf|||||||-|
2025|22|34|17|Approved Budget 2025|https://www.mufuliracouncil.gov.zm/wp-content/uploads/2025/03/Approved-2025-Budget.pdf|||||||-|
2025|22|34|18|Approved Budget 2025|https://www.mufuliracouncil.gov.zm/wp-content/uploads/2025/03/Approved-2025-Budget.pdf|||||||-|
2025|22|34|19|Approved Budget 2025|https://www.mufuliracouncil.gov.zm/wp-content/uploads/2025/03/Approved-2025-Budget.pdf|||||||-|
2025|22|34|20|Approved Budget 2025|https://www.mufuliracouncil.gov.zm/wp-content/uploads/2025/03/Approved-2025-Budget.pdf|||||||-|
2025|22|34|21|Approved Budget 2025|https://www.mufuliracouncil.gov.zm/wp-content/uploads/2025/03/Approved-2025-Budget.pdf|||||||-|
2025|22|34|22|Approved Budget 2025|https://www.mufuliracouncil.gov.zm/wp-content/uploads/2025/03/Approved-2025-Budget.pdf|||||||-|
2025|22|34|23|Approved Budget 2025|https://www.mufuliracouncil.gov.zm/wp-content/uploads/2025/03/Approved-2025-Budget.pdf|||||||-|
2025|22|34|24|Approved Budget 2025|https://www.mufuliracouncil.gov.zm/wp-content/uploads/2025/03/Approved-2025-Budget.pdf|Programme Total|(0)|(0)|||9,656,680|(0)|13,304,768
2025|23|35|1|Approved Budget 2025|https://www.mufuliracouncil.gov.zm/wp-content/uploads/2025/03/Approved-2025-Budget.pdf|PROGRAMME/SUBPROGRAMME|2023 BUDGET||2024 BUDGET|||2025 BUDGET|
2025|23|35|2|Approved Budget 2025|https://www.mufuliracouncil.gov.zm/wp-content/uploads/2025/03/Approved-2025-Budget.pdf||Approved|Expendit ure|Approved||Expendit ure*|Estimates|
2025|23|35|3|Approved Budget 2025|https://www.mufuliracouncil.gov.zm/wp-content/uploads/2025/03/Approved-2025-Budget.pdf|6 Housing and Community Amenities 007 Parks and Gardens 012 Markets and Bus Stations 017 Community Centres 026 Public Housing 029 Roads and Drainages 031 Street Lighting 034 Water Supply and Sanitation Services 041 Fire Protection Services|(0) (0) (0) (0) (0) (0) (0) (0) (0)|(0) (0) (0) (0) (0) (0) (0) (0)|9,656,680 515,950 - - - 6,702,570 813,105 - 1,625,055||(0) (0) (0) (0) (0) (0) (0) (0)|13,304,768 503,565 61,680 45,820 1,004,762 5,572,445 384,959 547,715 5,183,822|
2025|23|35|4|Approved Budget 2025|https://www.mufuliracouncil.gov.zm/wp-content/uploads/2025/03/Approved-2025-Budget.pdf|Programme Total|(0)|(0)|9,656,68|0|(0)|1133,3,30044,7,76688|
2025|24|36|1|Approved Budget 2025|https://www.mufuliracouncil.gov.zm/wp-content/uploads/2025/03/Approved-2025-Budget.pdf|Key Output and Output Indicator|2023||2024||2025||
2025|24|36|2|Approved Budget 2025|https://www.mufuliracouncil.gov.zm/wp-content/uploads/2025/03/Approved-2025-Budget.pdf||Target|Actual|Target|Actual*|Target||
2025|24|36|3|Approved Budget 2025|https://www.mufuliracouncil.gov.zm/wp-content/uploads/2025/03/Approved-2025-Budget.pdf|Council buildings rehabilitated 01 Number of council buildings rehabilitated|(0)|(0)|(0)|(0)|7||
2025|24|36|4|Approved Budget 2025|https://www.mufuliracouncil.gov.zm/wp-content/uploads/2025/03/Approved-2025-Budget.pdf|Ward Development Funded Projects constructed 01 Number of Ward Development Funded Projects constructed|(0)|(0)|(0)|(0)|30||
2025|24|36|5|Approved Budget 2025|https://www.mufuliracouncil.gov.zm/wp-content/uploads/2025/03/Approved-2025-Budget.pdf|Markets lighting system rehabilitated 01 Number of flood lights rehabilitated 02 Number of security lights rehabilitated|(0) (0)|(0) (0)|(0) (0)|(0) (0)|5 80||
2025|24|36|6|Approved Budget 2025|https://www.mufuliracouncil.gov.zm/wp-content/uploads/2025/03/Approved-2025-Budget.pdf|Bus station lighting system rehabilitated 01 Number of security lights rehabilitated|(0)|(0)|(0)|(0)|5||
2025|24|36|7|Approved Budget 2025|https://www.mufuliracouncil.gov.zm/wp-content/uploads/2025/03/Approved-2025-Budget.pdf|Water facilities rehabilitated 01 Number of Water facilities rehabilitated 02 Number of events Commemorated|(0) (0)|(0) (0)|(0) (0)|(0) (0)|40 3||
2025|24|36|8|Approved Budget 2025|https://www.mufuliracouncil.gov.zm/wp-content/uploads/2025/03/Approved-2025-Budget.pdf|Fire safety inspections conducted 01 Percentage of fire safety inspections conducted|-|-|-|-|100||
2025|24|36|9|Approved Budget 2025|https://www.mufuliracouncil.gov.zm/wp-content/uploads/2025/03/Approved-2025-Budget.pdf|Market shelters rehabilitated 01 Number of market shelters rehabilitated|-|-|-|-|2||
2025|24|36|10|Approved Budget 2025|https://www.mufuliracouncil.gov.zm/wp-content/uploads/2025/03/Approved-2025-Budget.pdf|Settlements upgraded 01 Number of settlements upgraded|(0)|(0)|(0)|(0)|1||
2025|25|37|1|Approved Budget 2025|https://www.mufuliracouncil.gov.zm/wp-content/uploads/2025/03/Approved-2025-Budget.pdf|ECONOMIC CLASSIFICATION|2023 BUDGET|||2024 BUDGET||2025 BUDGET|
2025|25|37|2|Approved Budget 2025|https://www.mufuliracouncil.gov.zm/wp-content/uploads/2025/03/Approved-2025-Budget.pdf||Approved|Expendit ure||Approved|Expendit ure*|Estimates|
2025|25|37|3|Approved Budget 2025|https://www.mufuliracouncil.gov.zm/wp-content/uploads/2025/03/Approved-2025-Budget.pdf|01Personal Emoluments 01Salaries and Wages 01Cultural Affairs 01Housing and Social Services 02Use of Goods and Services 02General Operations 01General Administration 01Housing and Social Services 04Assets 01Non-Financial Assets (Capital Expenditure) 01Housing and Social Services|- - - - - - - - - - -|- - - - - - - - - - -||- - - - 51,338 51,338 - - 17,800 17,800 -|-|1,139,012 1,139,012 1,047,850 91,163 2,372,744 2,372,744 194,184 2,176,836 64,655 64,655 64,655|
2025|25|37|4|Approved Budget 2025|https://www.mufuliracouncil.gov.zm/wp-content/uploads/2025/03/Approved-2025-Budget.pdf||||||-||
2025|25|37|5|Approved Budget 2025|https://www.mufuliracouncil.gov.zm/wp-content/uploads/2025/03/Approved-2025-Budget.pdf||||||-||
2025|25|37|6|Approved Budget 2025|https://www.mufuliracouncil.gov.zm/wp-content/uploads/2025/03/Approved-2025-Budget.pdf||||||-||
2025|25|37|7|Approved Budget 2025|https://www.mufuliracouncil.gov.zm/wp-content/uploads/2025/03/Approved-2025-Budget.pdf||||||-||
2025|25|37|8|Approved Budget 2025|https://www.mufuliracouncil.gov.zm/wp-content/uploads/2025/03/Approved-2025-Budget.pdf||||||-||
2025|25|37|9|Approved Budget 2025|https://www.mufuliracouncil.gov.zm/wp-content/uploads/2025/03/Approved-2025-Budget.pdf||||||-||
2025|25|37|10|Approved Budget 2025|https://www.mufuliracouncil.gov.zm/wp-content/uploads/2025/03/Approved-2025-Budget.pdf||||||-||
2025|25|37|11|Approved Budget 2025|https://www.mufuliracouncil.gov.zm/wp-content/uploads/2025/03/Approved-2025-Budget.pdf||||||-||
2025|25|37|12|Approved Budget 2025|https://www.mufuliracouncil.gov.zm/wp-content/uploads/2025/03/Approved-2025-Budget.pdf||||||-||
2025|25|37|13|Approved Budget 2025|https://www.mufuliracouncil.gov.zm/wp-content/uploads/2025/03/Approved-2025-Budget.pdf||||||-||
2025|25|37|14|Approved Budget 2025|https://www.mufuliracouncil.gov.zm/wp-content/uploads/2025/03/Approved-2025-Budget.pdf|Programme Total|(0)|(0)||69,138|(0)|3,576,412|
2025|25|38|1|Approved Budget 2025|https://www.mufuliracouncil.gov.zm/wp-content/uploads/2025/03/Approved-2025-Budget.pdf|PROGRAMME/SUBPROGRAMME|2023 BUDGET||2024 BUDGET|||2025 BUDGET|
2025|25|38|2|Approved Budget 2025|https://www.mufuliracouncil.gov.zm/wp-content/uploads/2025/03/Approved-2025-Budget.pdf||Approved|Expendit ure|Approved||Expendit ure*|Estimates 3,576,412 1,049,574 194,184 2,332,654 3,35,7567,64,14212|
2025|25|38|3|Approved Budget 2025|https://www.mufuliracouncil.gov.zm/wp-content/uploads/2025/03/Approved-2025-Budget.pdf|7 Recreation Culture and Religion 001 Cultural Affairs 032 Registration of Marriages and Deaths 042 Sports Promotion|(0) (0) (0) (0)|(0) (0) (0)|69,138 69,138 - -||(0) (0) (0)||
2025|25|38|4|Approved Budget 2025|https://www.mufuliracouncil.gov.zm/wp-content/uploads/2025/03/Approved-2025-Budget.pdf|Programme Total|(0)|(0)|69,13|8|(0)|3,35,7567,64,14212|
2025|26|39|1|Approved Budget 2025|https://www.mufuliracouncil.gov.zm/wp-content/uploads/2025/03/Approved-2025-Budget.pdf|Key Output and Output Indicator|2023||2024||2025||
2025|26|39|2|Approved Budget 2025|https://www.mufuliracouncil.gov.zm/wp-content/uploads/2025/03/Approved-2025-Budget.pdf||Target|Actual|Target|Actual*|Target||
2025|26|39|3|Approved Budget 2025|https://www.mufuliracouncil.gov.zm/wp-content/uploads/2025/03/Approved-2025-Budget.pdf|Inventory of all Cultural Practices in the district established 01 Number of Intangible Cultural Heritage Managed|(0)|(0)|(0)|(0)|1||
2025|26|39|4|Approved Budget 2025|https://www.mufuliracouncil.gov.zm/wp-content/uploads/2025/03/Approved-2025-Budget.pdf|Cultural and Creative Industries Developed 01 Number of Cultural and creative industries promoted|(0)|(0)|(0)|(0)|1||
2025|26|39|5|Approved Budget 2025|https://www.mufuliracouncil.gov.zm/wp-content/uploads/2025/03/Approved-2025-Budget.pdf|Marriage Solominization conducted 01 Percentage of marriages Solominized|(0)|(0)|(0)|(0)|100||
2025|26|39|6|Approved Budget 2025|https://www.mufuliracouncil.gov.zm/wp-content/uploads/2025/03/Approved-2025-Budget.pdf|Community mobilised in sports 01 Number of community groups mobilised in the constituencies 02 Number of community teams participating in organised sporting desciplines|(0) (0)|(0) (0)|(0) (0)|(0) (0)|3 30||
2025|26|39|7|Approved Budget 2025|https://www.mufuliracouncil.gov.zm/wp-content/uploads/2025/03/Approved-2025-Budget.pdf|Participation of women in sports 01 Number of women participating in sports|(0)|(0)|(0)|(0)|300||
2025|26|39|8|Approved Budget 2025|https://www.mufuliracouncil.gov.zm/wp-content/uploads/2025/03/Approved-2025-Budget.pdf|Persons with disabilities participating in sports 01 Number of people with disabilitieres participating in community sports|(0)|(0)|(0)|(0)|50||
2025|26|39|9|Approved Budget 2025|https://www.mufuliracouncil.gov.zm/wp-content/uploads/2025/03/Approved-2025-Budget.pdf|Youth development centre established 01 Number of Youth Sports Development Centre established 02 Number of youths utilising the sports development centre|(0) (0)|(0) (0)|(0) (0)|(0) (0)|1 100||
2025|26|39|10|Approved Budget 2025|https://www.mufuliracouncil.gov.zm/wp-content/uploads/2025/03/Approved-2025-Budget.pdf|Talent identification programmes established 01 Number of programes initiated for talent identification 02 Number of skillful youths identified in initiated sports desciplines|(0) (0)|(0) (0)|(0) (0)|(0) (0)|1 100||
2025|26|39|11|Approved Budget 2025|https://www.mufuliracouncil.gov.zm/wp-content/uploads/2025/03/Approved-2025-Budget.pdf|Sports associations registered 9109 Number of associations registered|(0)|(0)|(0)|(0)|30||
2025|26|40|1|Approved Budget 2025|https://www.mufuliracouncil.gov.zm/wp-content/uploads/2025/03/Approved-2025-Budget.pdf|Sports and Recreational tournaments and events attended 01 Number of sports disciplines affiliated to appropriate bodies. 02 Number of sports tournaments particpated 03 Number of cultural events participated|(0) (0) (0)|(0) (0) (0)|(0) (0) (0)|(0) (0) (0)|6 50 2||
2025|27|41|1|Approved Budget 2025|https://www.mufuliracouncil.gov.zm/wp-content/uploads/2025/03/Approved-2025-Budget.pdf|ECONOMIC CLASSIFICATION|2023 BUDGET|||2024 BUDGET||2025 BUDGET|
2025|27|41|2|Approved Budget 2025|https://www.mufuliracouncil.gov.zm/wp-content/uploads/2025/03/Approved-2025-Budget.pdf||Approved|Expendit ure||Approved|Expendit ure*|Estimates|
2025|27|41|3|Approved Budget 2025|https://www.mufuliracouncil.gov.zm/wp-content/uploads/2025/03/Approved-2025-Budget.pdf|01Personal Emoluments 01Salaries and Wages 01Community Development 02Use of Goods and Services 02General Operations 01Registry 04Assets 01Non-Financial Assets (Capital Expenditure)|- - - - - - - -|- - - - - - - -||- - - 197,815 197,815 - 204,033 204,033|-|346,886 346,886 346,886 121,361 121,361 19,241 - -|
2025|27|41|4|Approved Budget 2025|https://www.mufuliracouncil.gov.zm/wp-content/uploads/2025/03/Approved-2025-Budget.pdf||||||-||
2025|27|41|5|Approved Budget 2025|https://www.mufuliracouncil.gov.zm/wp-content/uploads/2025/03/Approved-2025-Budget.pdf||||||-||
2025|27|41|6|Approved Budget 2025|https://www.mufuliracouncil.gov.zm/wp-content/uploads/2025/03/Approved-2025-Budget.pdf||||||-||
2025|27|41|7|Approved Budget 2025|https://www.mufuliracouncil.gov.zm/wp-content/uploads/2025/03/Approved-2025-Budget.pdf||||||-||
2025|27|41|8|Approved Budget 2025|https://www.mufuliracouncil.gov.zm/wp-content/uploads/2025/03/Approved-2025-Budget.pdf||||||-||
2025|27|41|9|Approved Budget 2025|https://www.mufuliracouncil.gov.zm/wp-content/uploads/2025/03/Approved-2025-Budget.pdf||||||-||
2025|27|41|10|Approved Budget 2025|https://www.mufuliracouncil.gov.zm/wp-content/uploads/2025/03/Approved-2025-Budget.pdf||||||-||
2025|27|41|11|Approved Budget 2025|https://www.mufuliracouncil.gov.zm/wp-content/uploads/2025/03/Approved-2025-Budget.pdf|Programme Total|(0)|(0)||401,848|(0)|468,247|
2025|27|42|1|Approved Budget 2025|https://www.mufuliracouncil.gov.zm/wp-content/uploads/2025/03/Approved-2025-Budget.pdf|PROGRAMME/SUBPROGRAMME|2023 BUDGET||2024 BUDGET|||2025 BUDGET|
2025|27|42|2|Approved Budget 2025|https://www.mufuliracouncil.gov.zm/wp-content/uploads/2025/03/Approved-2025-Budget.pdf||Approved|Expendit ure|Approved||Expendit ure*|Estimates|
2025|27|42|3|Approved Budget 2025|https://www.mufuliracouncil.gov.zm/wp-content/uploads/2025/03/Approved-2025-Budget.pdf|8 Education and Skills Development 001 District archives 010 Adult Literacy 039 Library Services|(0) (0) (0) (0)|(0) (0) (0)|401,848 (0) 74,005 327,843||(0) (0) (0)|468,247 19,241 383,646 65,360|
2025|27|42|4|Approved Budget 2025|https://www.mufuliracouncil.gov.zm/wp-content/uploads/2025/03/Approved-2025-Budget.pdf|Programme Total|(0)|(0)|401,84|8|(0)|4684,6284,7247|
2025|28|43|1|Approved Budget 2025|https://www.mufuliracouncil.gov.zm/wp-content/uploads/2025/03/Approved-2025-Budget.pdf|Key Output and Output Indicator|2023||2024||2025||
2025|28|43|2|Approved Budget 2025|https://www.mufuliracouncil.gov.zm/wp-content/uploads/2025/03/Approved-2025-Budget.pdf||Target|Actual|Target|Actual*|Target||
2025|28|43|3|Approved Budget 2025|https://www.mufuliracouncil.gov.zm/wp-content/uploads/2025/03/Approved-2025-Budget.pdf|District Departments Surveyed 01 Percentage of Departments Surveyed|(0)|(0)|(0)|(0)|100||
2025|28|43|4|Approved Budget 2025|https://www.mufuliracouncil.gov.zm/wp-content/uploads/2025/03/Approved-2025-Budget.pdf|Records Collected 01 Percentage of NA 17 Boxes Collected|(0)|(0)|(0)|(0)|40||
2025|28|43|5|Approved Budget 2025|https://www.mufuliracouncil.gov.zm/wp-content/uploads/2025/03/Approved-2025-Budget.pdf|District Records Processed and Shelved 01 Percentage of NA17 Boxes Processed and Shelved|(0)|(0)|(0)|(0)|40||
2025|28|43|6|Approved Budget 2025|https://www.mufuliracouncil.gov.zm/wp-content/uploads/2025/03/Approved-2025-Budget.pdf|Students enrolled in adult literacy 01 (cid:9)Number of students enrolled in adult literacy Programmes 02 Number of Women and Youth Clubs formed and empowered|(0) (0)|(0) (0)|(0) (0)|(0) (0)|40 20||
2025|28|43|7|Approved Budget 2025|https://www.mufuliracouncil.gov.zm/wp-content/uploads/2025/03/Approved-2025-Budget.pdf|Exchange visits to other councils conducted 01 Number of exchange visit to other councils|(0)|(0)|(0)|(0)|1||
2025|28|43|8|Approved Budget 2025|https://www.mufuliracouncil.gov.zm/wp-content/uploads/2025/03/Approved-2025-Budget.pdf|Library usage enhanced 01 Number of Library patrons accessing the library|(0)|(0)|(0)|(0)|1,110||
2025|29|44|1|Approved Budget 2025|https://www.mufuliracouncil.gov.zm/wp-content/uploads/2025/03/Approved-2025-Budget.pdf|ECONOMIC CLASSIFICATION|2023 BUDGET|||2024 BUDGET||2025 BUDGET|
2025|29|44|2|Approved Budget 2025|https://www.mufuliracouncil.gov.zm/wp-content/uploads/2025/03/Approved-2025-Budget.pdf||Approved|Expendit ure||Approved|Expendit ure*|Estimates|
2025|29|44|3|Approved Budget 2025|https://www.mufuliracouncil.gov.zm/wp-content/uploads/2025/03/Approved-2025-Budget.pdf|01Personal Emoluments 01Salaries and Wages 01Building Inspectorate 02Council Police 02Use of Goods and Services 02General Operations 01Building Inspectorate|- - - - - - -|- - - - - - -||- - - - 371,880 371,880 192,660|-|339,598 339,598 205,901 133,698 217,712 217,712 58,212|
2025|29|44|4|Approved Budget 2025|https://www.mufuliracouncil.gov.zm/wp-content/uploads/2025/03/Approved-2025-Budget.pdf||||||-||
2025|29|44|5|Approved Budget 2025|https://www.mufuliracouncil.gov.zm/wp-content/uploads/2025/03/Approved-2025-Budget.pdf||||||-||
2025|29|44|6|Approved Budget 2025|https://www.mufuliracouncil.gov.zm/wp-content/uploads/2025/03/Approved-2025-Budget.pdf||||||-||
2025|29|44|7|Approved Budget 2025|https://www.mufuliracouncil.gov.zm/wp-content/uploads/2025/03/Approved-2025-Budget.pdf||||||-||
2025|29|44|8|Approved Budget 2025|https://www.mufuliracouncil.gov.zm/wp-content/uploads/2025/03/Approved-2025-Budget.pdf||||||-||
2025|29|44|9|Approved Budget 2025|https://www.mufuliracouncil.gov.zm/wp-content/uploads/2025/03/Approved-2025-Budget.pdf||||||-||
2025|29|44|10|Approved Budget 2025|https://www.mufuliracouncil.gov.zm/wp-content/uploads/2025/03/Approved-2025-Budget.pdf|Programme Total|(0)|(0)||371,880|(0)|557,310|
2025|29|45|1|Approved Budget 2025|https://www.mufuliracouncil.gov.zm/wp-content/uploads/2025/03/Approved-2025-Budget.pdf|PROGRAMME/SUBPROGRAMME|2023 BUDGET||2024 BUDGET|||2025 BUDGET|
2025|29|45|2|Approved Budget 2025|https://www.mufuliracouncil.gov.zm/wp-content/uploads/2025/03/Approved-2025-Budget.pdf||Approved|Expendit ure|Approved||Expendit ure*|Estimates|
2025|29|45|3|Approved Budget 2025|https://www.mufuliracouncil.gov.zm/wp-content/uploads/2025/03/Approved-2025-Budget.pdf|10 Public Order and Safety 014 Building Regulations 018 Community Policing|(0) (0) (0)|(0) (0)|371,880 192,660 179,220||(0) (0)|557,310 264,113 293,198|
2025|29|45|4|Approved Budget 2025|https://www.mufuliracouncil.gov.zm/wp-content/uploads/2025/03/Approved-2025-Budget.pdf|Programme Total|(0)|(0)|371,88|0|(0)|5575,5371,0310|
2025|30|46|1|Approved Budget 2025|https://www.mufuliracouncil.gov.zm/wp-content/uploads/2025/03/Approved-2025-Budget.pdf|Key Output and Output Indicator|2023||2024||2025||
2025|30|46|2|Approved Budget 2025|https://www.mufuliracouncil.gov.zm/wp-content/uploads/2025/03/Approved-2025-Budget.pdf||Target|Actual|Target|Actual*|Target||
2025|30|46|3|Approved Budget 2025|https://www.mufuliracouncil.gov.zm/wp-content/uploads/2025/03/Approved-2025-Budget.pdf|Law and order maintained in the district 01 (cid:9)Number of routine Police patrols conducted|-|-|-|-|100||
2025|30|46|4|Approved Budget 2025|https://www.mufuliracouncil.gov.zm/wp-content/uploads/2025/03/Approved-2025-Budget.pdf|(cid:9)Council police officers trained 02 Number of Council police officers trained|(0)|(0)|(0)|(0)|40||
2025|30|46|5|Approved Budget 2025|https://www.mufuliracouncil.gov.zm/wp-content/uploads/2025/03/Approved-2025-Budget.pdf|Development control conducted and implemented 01 Number of Buildings inspected|-|-|-|-|468||
2025|30|46|6|Approved Budget 2025|https://www.mufuliracouncil.gov.zm/wp-content/uploads/2025/03/Approved-2025-Budget.pdf|Building plans scrutinized 01 Number of building plans scrutinized|-|-|-|-|300||
2025|31|47|1|Approved Budget 2025|https://www.mufuliracouncil.gov.zm/wp-content/uploads/2025/03/Approved-2025-Budget.pdf|ECONOMIC CLASSIFICATION|2023 BUDGET||||2024 BUDGET||2025 BUDGET
2025|31|47|2|Approved Budget 2025|https://www.mufuliracouncil.gov.zm/wp-content/uploads/2025/03/Approved-2025-Budget.pdf||Approved|Expendit ure|||Approved|Expendit ure*|Estimates
2025|31|47|3|Approved Budget 2025|https://www.mufuliracouncil.gov.zm/wp-content/uploads/2025/03/Approved-2025-Budget.pdf|01Personal Emoluments 01Salaries and Wages 01(cid:9)Procurement 01Administration 01Town Clerk 05Accounting 08(cid:9)Auditing 02Other Emoluments 01Administration 03Personnel Related Costs 01Establishment 02Use of Goods and Services 02General Operations 01(cid:9)Procurement 01Establishment 01Public Relations 02Mayor 02Stores 05Accounting 04Assets 01Non-Financial Assets (Capital Expenditure) 01Establishment 02Deeds 02Mayor 02Stores 04Estates 05Contracts and Licensing 08(cid:9)Auditing 05Liabilities 01 Outstanding Bills 01Administration 01Establishment|- - - - - - - - - - - - - - - - - - - - - - - - - - - - - - - -|- - - - - - - - - - - - - - - - - - - - - - - - - - - - - - - -|||23,354,692 23,354,692 2,180,695 10,544,100 4,950,597 3,457,270 2,222,030 - - - - 8,587,975 8,587,975 161,280 - 153,000 - - 820,353 2,981,650 2,981,650 - 121,530 - - 113,000 64,500 20,950 4,853,966 4,853,966 655,000 -|-|21,859,855 19,201,176 121,990 18,423,499 385,142 135,272 135,272 255,000 255,000 2,403,679 2,403,679 11,361,559 11,361,559 100,080 104,990 300,120 829,840 62,609 1,218,725 786,554 786,554 25,000 201,700 20,000 84,700 89,000 53,000 33,830 18,557,639 18,557,639 78,000 18,420,000
2025|31|47|4|Approved Budget 2025|https://www.mufuliracouncil.gov.zm/wp-content/uploads/2025/03/Approved-2025-Budget.pdf|||||||-|
2025|31|47|5|Approved Budget 2025|https://www.mufuliracouncil.gov.zm/wp-content/uploads/2025/03/Approved-2025-Budget.pdf|||||||-|
2025|31|47|6|Approved Budget 2025|https://www.mufuliracouncil.gov.zm/wp-content/uploads/2025/03/Approved-2025-Budget.pdf|||||||-|
2025|31|47|7|Approved Budget 2025|https://www.mufuliracouncil.gov.zm/wp-content/uploads/2025/03/Approved-2025-Budget.pdf|||||||-|
2025|31|47|8|Approved Budget 2025|https://www.mufuliracouncil.gov.zm/wp-content/uploads/2025/03/Approved-2025-Budget.pdf|||||||-|
2025|31|47|9|Approved Budget 2025|https://www.mufuliracouncil.gov.zm/wp-content/uploads/2025/03/Approved-2025-Budget.pdf|||||||-|
2025|31|47|10|Approved Budget 2025|https://www.mufuliracouncil.gov.zm/wp-content/uploads/2025/03/Approved-2025-Budget.pdf|||||||-|
2025|31|47|11|Approved Budget 2025|https://www.mufuliracouncil.gov.zm/wp-content/uploads/2025/03/Approved-2025-Budget.pdf|||||||-|
2025|31|47|12|Approved Budget 2025|https://www.mufuliracouncil.gov.zm/wp-content/uploads/2025/03/Approved-2025-Budget.pdf|||||||-|
2025|31|47|13|Approved Budget 2025|https://www.mufuliracouncil.gov.zm/wp-content/uploads/2025/03/Approved-2025-Budget.pdf|||||||-|
2025|31|47|14|Approved Budget 2025|https://www.mufuliracouncil.gov.zm/wp-content/uploads/2025/03/Approved-2025-Budget.pdf|||||||-|
2025|31|47|15|Approved Budget 2025|https://www.mufuliracouncil.gov.zm/wp-content/uploads/2025/03/Approved-2025-Budget.pdf|||||||-|
2025|31|47|16|Approved Budget 2025|https://www.mufuliracouncil.gov.zm/wp-content/uploads/2025/03/Approved-2025-Budget.pdf|||||||-|
2025|31|47|17|Approved Budget 2025|https://www.mufuliracouncil.gov.zm/wp-content/uploads/2025/03/Approved-2025-Budget.pdf|||||||-|
2025|31|47|18|Approved Budget 2025|https://www.mufuliracouncil.gov.zm/wp-content/uploads/2025/03/Approved-2025-Budget.pdf|||||||-|
2025|31|47|19|Approved Budget 2025|https://www.mufuliracouncil.gov.zm/wp-content/uploads/2025/03/Approved-2025-Budget.pdf|||||||-|
2025|31|47|20|Approved Budget 2025|https://www.mufuliracouncil.gov.zm/wp-content/uploads/2025/03/Approved-2025-Budget.pdf|||||||-|
2025|31|47|21|Approved Budget 2025|https://www.mufuliracouncil.gov.zm/wp-content/uploads/2025/03/Approved-2025-Budget.pdf|||||||-|
2025|31|47|22|Approved Budget 2025|https://www.mufuliracouncil.gov.zm/wp-content/uploads/2025/03/Approved-2025-Budget.pdf|||||||-|
2025|31|47|23|Approved Budget 2025|https://www.mufuliracouncil.gov.zm/wp-content/uploads/2025/03/Approved-2025-Budget.pdf|||||||-|
2025|31|47|24|Approved Budget 2025|https://www.mufuliracouncil.gov.zm/wp-content/uploads/2025/03/Approved-2025-Budget.pdf|||||||-|
2025|31|47|25|Approved Budget 2025|https://www.mufuliracouncil.gov.zm/wp-content/uploads/2025/03/Approved-2025-Budget.pdf|||||||-|
2025|31|47|26|Approved Budget 2025|https://www.mufuliracouncil.gov.zm/wp-content/uploads/2025/03/Approved-2025-Budget.pdf|||||||-|
2025|31|47|27|Approved Budget 2025|https://www.mufuliracouncil.gov.zm/wp-content/uploads/2025/03/Approved-2025-Budget.pdf|||||||-|
2025|31|47|28|Approved Budget 2025|https://www.mufuliracouncil.gov.zm/wp-content/uploads/2025/03/Approved-2025-Budget.pdf|||||||-|
2025|31|47|29|Approved Budget 2025|https://www.mufuliracouncil.gov.zm/wp-content/uploads/2025/03/Approved-2025-Budget.pdf|||||||-|
2025|31|47|30|Approved Budget 2025|https://www.mufuliracouncil.gov.zm/wp-content/uploads/2025/03/Approved-2025-Budget.pdf|||||||-|
2025|31|47|31|Approved Budget 2025|https://www.mufuliracouncil.gov.zm/wp-content/uploads/2025/03/Approved-2025-Budget.pdf|||||||-|
2025|31|47|32|Approved Budget 2025|https://www.mufuliracouncil.gov.zm/wp-content/uploads/2025/03/Approved-2025-Budget.pdf|||||||-|
2025|31|47|33|Approved Budget 2025|https://www.mufuliracouncil.gov.zm/wp-content/uploads/2025/03/Approved-2025-Budget.pdf|||||||-|
2025|31|47|34|Approved Budget 2025|https://www.mufuliracouncil.gov.zm/wp-content/uploads/2025/03/Approved-2025-Budget.pdf|||||||-|
2025|31|47|35|Approved Budget 2025|https://www.mufuliracouncil.gov.zm/wp-content/uploads/2025/03/Approved-2025-Budget.pdf|Programme Total|(0)|(0)|||39,778,283|(0)|52,565,607
2025|32|48|1|Approved Budget 2025|https://www.mufuliracouncil.gov.zm/wp-content/uploads/2025/03/Approved-2025-Budget.pdf|PROGRAMME/SUBPROGRAMME|2023 BUDGET||2024 BUDGET|||2025 BUDGET|
2025|32|48|2|Approved Budget 2025|https://www.mufuliracouncil.gov.zm/wp-content/uploads/2025/03/Approved-2025-Budget.pdf||Approved|Expendit ure|Approved||Expendit ure*|Estimates|
2025|32|48|3|Approved Budget 2025|https://www.mufuliracouncil.gov.zm/wp-content/uploads/2025/03/Approved-2025-Budget.pdf|11 Management and Support Services 001 (cid:9)Human Resource and Administration 003 Public Relations 009 Executive Management 016 (cid:9)Procurement 028 (cid:9)Auditing 035 (cid:9)Accounting 036 Legal Services|(0) (0) (0) (0) (0) (0) (0) (0)|(0) (0) (0) (0) (0) (0) (0)|39,778,283 17,603,565 153,000 7,169,090 2,369,475 2,522,790 8,596,239 1,364,125||(0) (0) (0) (0) (0) (0) (0)|52,565,607 25,635,033 300,120 1,726,122 237,070 365,762 22,573,964 1,727,535|
2025|32|48|4|Approved Budget 2025|https://www.mufuliracouncil.gov.zm/wp-content/uploads/2025/03/Approved-2025-Budget.pdf|Programme Total|(0)|(0)|39,778,28|3|(0)|5522,5,56655,6,60077|
2025|33|49|1|Approved Budget 2025|https://www.mufuliracouncil.gov.zm/wp-content/uploads/2025/03/Approved-2025-Budget.pdf|Key Output and Output Indicator|2023||2024||2025||
2025|33|49|2|Approved Budget 2025|https://www.mufuliracouncil.gov.zm/wp-content/uploads/2025/03/Approved-2025-Budget.pdf||Target|Actual|Target|Actual*|Target||
2025|33|49|3|Approved Budget 2025|https://www.mufuliracouncil.gov.zm/wp-content/uploads/2025/03/Approved-2025-Budget.pdf|Risk management meetings conducted 01 Number of risk management meetings held|(0)|(0)|(0)|(0)|4||
2025|33|49|4|Approved Budget 2025|https://www.mufuliracouncil.gov.zm/wp-content/uploads/2025/03/Approved-2025-Budget.pdf|Public awareness on services provided by the local authority conducted 01 Percentage of stakeholder consultation meetings held|(0)|(0)|(0)|(0)|100||
2025|33|49|5|Approved Budget 2025|https://www.mufuliracouncil.gov.zm/wp-content/uploads/2025/03/Approved-2025-Budget.pdf|National Events commemorated 01 Number of National Events commemorated|(0)|(0)|(0)|(0)|8||
2025|33|49|6|Approved Budget 2025|https://www.mufuliracouncil.gov.zm/wp-content/uploads/2025/03/Approved-2025-Budget.pdf|Financial reports prepared 01 Number of annual budget prepared 02 Number of Financial reports prepared 03 Number of Financial statements prepared|- (0) (0)|- (0) (0)|- (0) (0)|- (0) (0)|1 1 1||
2025|33|49|7|Approved Budget 2025|https://www.mufuliracouncil.gov.zm/wp-content/uploads/2025/03/Approved-2025-Budget.pdf|Court cases and costs managed 01 Percentage of court cases adjudicated|-|-|100|-|100||
2025|33|49|8|Approved Budget 2025|https://www.mufuliracouncil.gov.zm/wp-content/uploads/2025/03/Approved-2025-Budget.pdf|News letters publiched 01 Number of news letters published|(0)|(0)|(0)|(0)|4||
2025|33|49|9|Approved Budget 2025|https://www.mufuliracouncil.gov.zm/wp-content/uploads/2025/03/Approved-2025-Budget.pdf|Procurement plan developed 01 Number of procurement plan developed|-|-|-|-|1||
2025|33|49|10|Approved Budget 2025|https://www.mufuliracouncil.gov.zm/wp-content/uploads/2025/03/Approved-2025-Budget.pdf|Internal controls enhanced 01 Number of Internal audits conducted 02 Number of special audits conducted|- (0)|- (0)|- (0)|- (0)|4 2||
2025|34|50|1|Approved Budget 2025|https://www.mufuliracouncil.gov.zm/wp-content/uploads/2025/03/Approved-2025-Budget.pdf|ECONOMIC CLASSIFICATION|2023 BUDGET|||2024 BUDGET||2025 BUDGET|
2025|34|50|2|Approved Budget 2025|https://www.mufuliracouncil.gov.zm/wp-content/uploads/2025/03/Approved-2025-Budget.pdf||Approved|Expendit ure||Approved|Expendit ure*|Estimates|
2025|34|50|3|Approved Budget 2025|https://www.mufuliracouncil.gov.zm/wp-content/uploads/2025/03/Approved-2025-Budget.pdf|01Personal Emoluments 01Salaries and Wages 01Revenue 02Use of Goods and Services 02General Operations 01Revenue 02ICT 03Valuation 04Assets 01Non-Financial Assets (Capital Expenditure) 01Revenue 02ICT 03Valuation|- - - - - - - - - - - - -|- - - - - - - - - - - - -||- - - - - - - - - - - - -|-|4,030,947 4,030,947 4,030,947 4,520,563 4,520,563 701,210 253,182 3,566,171 688,000 688,000 17,500 628,000 42,500|
2025|34|50|4|Approved Budget 2025|https://www.mufuliracouncil.gov.zm/wp-content/uploads/2025/03/Approved-2025-Budget.pdf||||||-||
2025|34|50|5|Approved Budget 2025|https://www.mufuliracouncil.gov.zm/wp-content/uploads/2025/03/Approved-2025-Budget.pdf||||||-||
2025|34|50|6|Approved Budget 2025|https://www.mufuliracouncil.gov.zm/wp-content/uploads/2025/03/Approved-2025-Budget.pdf||||||-||
2025|34|50|7|Approved Budget 2025|https://www.mufuliracouncil.gov.zm/wp-content/uploads/2025/03/Approved-2025-Budget.pdf||||||-||
2025|34|50|8|Approved Budget 2025|https://www.mufuliracouncil.gov.zm/wp-content/uploads/2025/03/Approved-2025-Budget.pdf||||||-||
2025|34|50|9|Approved Budget 2025|https://www.mufuliracouncil.gov.zm/wp-content/uploads/2025/03/Approved-2025-Budget.pdf||||||-||
2025|34|50|10|Approved Budget 2025|https://www.mufuliracouncil.gov.zm/wp-content/uploads/2025/03/Approved-2025-Budget.pdf||||||-||
2025|34|50|11|Approved Budget 2025|https://www.mufuliracouncil.gov.zm/wp-content/uploads/2025/03/Approved-2025-Budget.pdf||||||-||
2025|34|50|12|Approved Budget 2025|https://www.mufuliracouncil.gov.zm/wp-content/uploads/2025/03/Approved-2025-Budget.pdf||||||-||
2025|34|50|13|Approved Budget 2025|https://www.mufuliracouncil.gov.zm/wp-content/uploads/2025/03/Approved-2025-Budget.pdf||||||-||
2025|34|50|14|Approved Budget 2025|https://www.mufuliracouncil.gov.zm/wp-content/uploads/2025/03/Approved-2025-Budget.pdf||||||-||
2025|34|50|15|Approved Budget 2025|https://www.mufuliracouncil.gov.zm/wp-content/uploads/2025/03/Approved-2025-Budget.pdf||||||-||
2025|34|50|16|Approved Budget 2025|https://www.mufuliracouncil.gov.zm/wp-content/uploads/2025/03/Approved-2025-Budget.pdf|Programme Total|(0)|(0)||-|(0)|9,239,510|
2025|34|51|1|Approved Budget 2025|https://www.mufuliracouncil.gov.zm/wp-content/uploads/2025/03/Approved-2025-Budget.pdf|PROGRAMME/SUBPROGRAMME|2023 BUDGET||2024 BUDGET|||2025 BUDGET|
2025|34|51|2|Approved Budget 2025|https://www.mufuliracouncil.gov.zm/wp-content/uploads/2025/03/Approved-2025-Budget.pdf||Approved|Expendit ure|Approved||Expendit ure*|Estimates 9,239,510 9,239,510 9,92,3293,95,15010|
2025|34|51|3|Approved Budget 2025|https://www.mufuliracouncil.gov.zm/wp-content/uploads/2025/03/Approved-2025-Budget.pdf|12 Resource Mobilisation and Management 067 Resource Mobilisation and Management|(0) (0)|(0)|- -||(0)||
2025|34|51|4|Approved Budget 2025|https://www.mufuliracouncil.gov.zm/wp-content/uploads/2025/03/Approved-2025-Budget.pdf|Programme Total|(0)|(0)||-|(0)|9,92,3293,95,15010|
2025|35|52|1|Approved Budget 2025|https://www.mufuliracouncil.gov.zm/wp-content/uploads/2025/03/Approved-2025-Budget.pdf|Key Output and Output Indicator|2023||2024||2025||
2025|35|52|2|Approved Budget 2025|https://www.mufuliracouncil.gov.zm/wp-content/uploads/2025/03/Approved-2025-Budget.pdf||Target|Actual|Target|Actual*|Target||
2025|35|52|3|Approved Budget 2025|https://www.mufuliracouncil.gov.zm/wp-content/uploads/2025/03/Approved-2025-Budget.pdf|Revenue Mobilisation 01 Number of revenue spot checks conducted|(0)|(0)|(0)|(0)|12||
2025|35|52|4|Approved Budget 2025|https://www.mufuliracouncil.gov.zm/wp-content/uploads/2025/03/Approved-2025-Budget.pdf|Annual Valuation Workplan Prepared 01 Number of Annual Valuation Workplans Prepared 02 Number of Valuation Roll conducted|(0) (0)|(0) (0)|(0) (0)|(0) (0)|1 1||
2025|36|53|1|Approved Budget 2025|https://www.mufuliracouncil.gov.zm/wp-content/uploads/2025/03/Approved-2025-Budget.pdf|ECONOMIC CLASSIFICATION|2023 BUDGET|||2024 BUDGET||2025 BUDGET|
2025|36|53|2|Approved Budget 2025|https://www.mufuliracouncil.gov.zm/wp-content/uploads/2025/03/Approved-2025-Budget.pdf||Approved|Expendit ure||Approved|Expendit ure*|Estimates|
2025|36|53|3|Approved Budget 2025|https://www.mufuliracouncil.gov.zm/wp-content/uploads/2025/03/Approved-2025-Budget.pdf|02Use of Goods and Services 02General Operations 01DHS Management & Support 01Hospital Health servcies 01Primary Health servcies|- - - - -|- - - - -||97,490 97,490 - 97,490 -|-|6,072,245 6,072,245 3,257,222 537,783 2,277,240|
2025|36|53|4|Approved Budget 2025|https://www.mufuliracouncil.gov.zm/wp-content/uploads/2025/03/Approved-2025-Budget.pdf||||||-||
2025|36|53|5|Approved Budget 2025|https://www.mufuliracouncil.gov.zm/wp-content/uploads/2025/03/Approved-2025-Budget.pdf||||||-||
2025|36|53|6|Approved Budget 2025|https://www.mufuliracouncil.gov.zm/wp-content/uploads/2025/03/Approved-2025-Budget.pdf||||||-||
2025|36|53|7|Approved Budget 2025|https://www.mufuliracouncil.gov.zm/wp-content/uploads/2025/03/Approved-2025-Budget.pdf||||||-||
2025|36|53|8|Approved Budget 2025|https://www.mufuliracouncil.gov.zm/wp-content/uploads/2025/03/Approved-2025-Budget.pdf|Programme Total|(0)|(0)||97,490|(0)|6,072,245|
2025|36|54|1|Approved Budget 2025|https://www.mufuliracouncil.gov.zm/wp-content/uploads/2025/03/Approved-2025-Budget.pdf|PROGRAMME/SUBPROGRAMME|2023 BUDGET||2024 BUDGET|||2025 BUDGET|
2025|36|54|2|Approved Budget 2025|https://www.mufuliracouncil.gov.zm/wp-content/uploads/2025/03/Approved-2025-Budget.pdf||Approved|Expendit ure|Approved||Expendit ure*|Estimates|
2025|36|54|3|Approved Budget 2025|https://www.mufuliracouncil.gov.zm/wp-content/uploads/2025/03/Approved-2025-Budget.pdf|13 District Health Services 001 Primary Health Services 002 District Health Coordination 003 Hospital Services|(0) (0) (0) (0)|(0) (0) (0)|97,490 (0) 97,490 (0)||(0) (0) (0)|6,072,245 2,277,240 537,783 3,257,222|
2025|36|54|4|Approved Budget 2025|https://www.mufuliracouncil.gov.zm/wp-content/uploads/2025/03/Approved-2025-Budget.pdf|Programme Total|(0)|(0)|97,49|0|(0)|6,60,7027,22,42545|
2025|37|55|1|Approved Budget 2025|https://www.mufuliracouncil.gov.zm/wp-content/uploads/2025/03/Approved-2025-Budget.pdf|Key Output and Output Indicator|2023||2024||2025||
2025|37|55|2|Approved Budget 2025|https://www.mufuliracouncil.gov.zm/wp-content/uploads/2025/03/Approved-2025-Budget.pdf||Target|Actual|Target|Actual*|Target||
2025|37|56|1|Approved Budget 2025|https://www.mufuliracouncil.gov.zm/wp-content/uploads/2025/03/Approved-2025-Budget.pdf|Communicable deseases managed 01 Number of TB cases diagnosed and treated among all incident TB cases 02 Number of households with at least one ITN 03 Number of IRS households sprayed 04 Percentage of HIV positive adults receiving ART|- - - -|- - - -|- - - -|- - - -|90 136,789 48,000 100||
2025|37|56|2|Approved Budget 2025|https://www.mufuliracouncil.gov.zm/wp-content/uploads/2025/03/Approved-2025-Budget.pdf|Disease surveilance and epidemic management conducted 01 Number of reported noftifiable cases followed-up/total notifiable cases|(0)|(0)|-|(0)|100||
2025|37|56|3|Approved Budget 2025|https://www.mufuliracouncil.gov.zm/wp-content/uploads/2025/03/Approved-2025-Budget.pdf|HIV Positive clients put on ART Treatment 01 Number of clients put on ART 02 Number of health promotions and education services conducted|(0) (0)|(0) (0)|(0) (0)|(0) (0)|100 52||
2025|37|56|4|Approved Budget 2025|https://www.mufuliracouncil.gov.zm/wp-content/uploads/2025/03/Approved-2025-Budget.pdf|Health facilities provided with technical support 01 Number of TS Reports produced 02 Number of planning meetings conducted|(0) (0)|(0) (0)|- (0)|(0) (0)|12 4||
2025|37|56|5|Approved Budget 2025|https://www.mufuliracouncil.gov.zm/wp-content/uploads/2025/03/Approved-2025-Budget.pdf|Hospital adminstration provided 01 Number of hospital administration reports|(0)|(0)|(0)|(0)|2||
2025|38|57|1|Approved Budget 2025|https://www.mufuliracouncil.gov.zm/wp-content/uploads/2025/03/Approved-2025-Budget.pdf|ECONOMIC CLASSIFICATION|2023 BUDGET|||2024 BUDGET||2025 BUDGET|
2025|38|57|2|Approved Budget 2025|https://www.mufuliracouncil.gov.zm/wp-content/uploads/2025/03/Approved-2025-Budget.pdf||Approved|Expendit ure||Approved|Expendit ure*|Estimates|
2025|38|57|3|Approved Budget 2025|https://www.mufuliracouncil.gov.zm/wp-content/uploads/2025/03/Approved-2025-Budget.pdf|04Assets 01Non-Financial Assets (Capital Expenditure) 01Transport Services|- - -|- - -||- - -|-|3,200,587 3,200,587 3,200,587|
2025|38|57|4|Approved Budget 2025|https://www.mufuliracouncil.gov.zm/wp-content/uploads/2025/03/Approved-2025-Budget.pdf||||||-||
2025|38|57|5|Approved Budget 2025|https://www.mufuliracouncil.gov.zm/wp-content/uploads/2025/03/Approved-2025-Budget.pdf||||||-||
2025|38|57|6|Approved Budget 2025|https://www.mufuliracouncil.gov.zm/wp-content/uploads/2025/03/Approved-2025-Budget.pdf|Programme Total|(0)|(0)||(0)|(0)|3,200,587|
2025|38|58|1|Approved Budget 2025|https://www.mufuliracouncil.gov.zm/wp-content/uploads/2025/03/Approved-2025-Budget.pdf|PROGRAMME/SUBPROGRAMME|2023 BUDGET||2024 BUDGET|||2025 BUDGET|
2025|38|58|2|Approved Budget 2025|https://www.mufuliracouncil.gov.zm/wp-content/uploads/2025/03/Approved-2025-Budget.pdf||Approved|Expendit ure|Approved||Expendit ure*|Estimates|
2025|38|58|3|Approved Budget 2025|https://www.mufuliracouncil.gov.zm/wp-content/uploads/2025/03/Approved-2025-Budget.pdf|15 Transport Services 001 Road Transport|(0) (0)|(0)|(0) (0)||(0)|3,200,587 3,200,587|
2025|38|58|4|Approved Budget 2025|https://www.mufuliracouncil.gov.zm/wp-content/uploads/2025/03/Approved-2025-Budget.pdf|Programme Total|(0)|(0)|(|0)|(0)|3,32,0200,05,85787|
2025|39|59|1|Approved Budget 2025|https://www.mufuliracouncil.gov.zm/wp-content/uploads/2025/03/Approved-2025-Budget.pdf|Key Output and Output Indicator|2023||2024||2025||
2025|39|59|2|Approved Budget 2025|https://www.mufuliracouncil.gov.zm/wp-content/uploads/2025/03/Approved-2025-Budget.pdf||Target|Actual|Target|Actual*|Target||
2025|39|59|3|Approved Budget 2025|https://www.mufuliracouncil.gov.zm/wp-content/uploads/2025/03/Approved-2025-Budget.pdf|Township roads Rehabilitated 01 Kilometers of Township roads rehabilitated|-|-|-|-|13||
2025|39|59|4|Approved Budget 2025|https://www.mufuliracouncil.gov.zm/wp-content/uploads/2025/03/Approved-2025-Budget.pdf|Solar Street Lights Installed 01 Number of Solar Street Lights Installed|(0)|(0)|(0)|(0)|30||
2025|39|59|5|Approved Budget 2025|https://www.mufuliracouncil.gov.zm/wp-content/uploads/2025/03/Approved-2025-Budget.pdf|Drainage Rehabilitated 01 Number of drainages rehabilited|(0)|(0)|(0)|(0)|2||
2025|40|60|1|Approved Budget 2025|https://www.mufuliracouncil.gov.zm/wp-content/uploads/2025/03/Approved-2025-Budget.pdf|ECONOMIC CLASSIFICATION|2023 BUDGET|||2024 BUDGET||2025 BUDGET|
2025|40|60|2|Approved Budget 2025|https://www.mufuliracouncil.gov.zm/wp-content/uploads/2025/03/Approved-2025-Budget.pdf||Approved|Expendit ure||Approved|Expendit ure*|Estimates|
2025|40|60|3|Approved Budget 2025|https://www.mufuliracouncil.gov.zm/wp-content/uploads/2025/03/Approved-2025-Budget.pdf|02Use of Goods and Services 02General Operations 18Agriculture unit 19Agribusiness and Marketing 27Community Development unit 04Assets 01Non-Financial Assets (Capital Expenditure) 27Community Development unit|- - - - - - - -|- - - - - - - -||- - - - - - - -|-|470,000 470,000 50,000 100,000 320,000 50,000 50,000 50,000|
2025|40|60|4|Approved Budget 2025|https://www.mufuliracouncil.gov.zm/wp-content/uploads/2025/03/Approved-2025-Budget.pdf||||||-||
2025|40|60|5|Approved Budget 2025|https://www.mufuliracouncil.gov.zm/wp-content/uploads/2025/03/Approved-2025-Budget.pdf||||||-||
2025|40|60|6|Approved Budget 2025|https://www.mufuliracouncil.gov.zm/wp-content/uploads/2025/03/Approved-2025-Budget.pdf||||||-||
2025|40|60|7|Approved Budget 2025|https://www.mufuliracouncil.gov.zm/wp-content/uploads/2025/03/Approved-2025-Budget.pdf||||||-||
2025|40|60|8|Approved Budget 2025|https://www.mufuliracouncil.gov.zm/wp-content/uploads/2025/03/Approved-2025-Budget.pdf||||||-||
2025|40|60|9|Approved Budget 2025|https://www.mufuliracouncil.gov.zm/wp-content/uploads/2025/03/Approved-2025-Budget.pdf||||||-||
2025|40|60|10|Approved Budget 2025|https://www.mufuliracouncil.gov.zm/wp-content/uploads/2025/03/Approved-2025-Budget.pdf||||||-||
2025|40|60|11|Approved Budget 2025|https://www.mufuliracouncil.gov.zm/wp-content/uploads/2025/03/Approved-2025-Budget.pdf|Programme Total|(0)|(0)||||520,000|
2025|40|60|12|Approved Budget 2025|https://www.mufuliracouncil.gov.zm/wp-content/uploads/2025/03/Approved-2025-Budget.pdf|||||(0)|(0)||
2025|40|61|1|Approved Budget 2025|https://www.mufuliracouncil.gov.zm/wp-content/uploads/2025/03/Approved-2025-Budget.pdf|PROGRAMME/SUBPROGRAMME|2023 BUDGET||2024 BUDGET||2025 BUDGET||
2025|40|61|2|Approved Budget 2025|https://www.mufuliracouncil.gov.zm/wp-content/uploads/2025/03/Approved-2025-Budget.pdf||Approved|Expendit ure|Approved|Expendit ure*|Estimates||
2025|40|62|1|Approved Budget 2025|https://www.mufuliracouncil.gov.zm/wp-content/uploads/2025/03/Approved-2025-Budget.pdf|Programme Total|(0)|(0)|(|0)|(0)|5205,2000,0000|
2025|41|63|1|Approved Budget 2025|https://www.mufuliracouncil.gov.zm/wp-content/uploads/2025/03/Approved-2025-Budget.pdf|Key Output and Output Indicator|2023||2024||2025||
2025|41|63|2|Approved Budget 2025|https://www.mufuliracouncil.gov.zm/wp-content/uploads/2025/03/Approved-2025-Budget.pdf||Target|Actual|Target|Actual*|Target||
2025|41|63|3|Approved Budget 2025|https://www.mufuliracouncil.gov.zm/wp-content/uploads/2025/03/Approved-2025-Budget.pdf|Farmers in smart agricultural practices trained 01 Number of farmers trained 02 Number of demonstrations conducted (Farmer field Schools) 03 Number of farmers attended field demonstrations 04 Number of field days conducted 05 Number of farmers attended field days|(0) (0) (0) (0) (0)|(0) (0) (0) (0) (0)|(0) (0) (0) (0) (0)|(0) (0) (0) (0) (0)|3,468 68 3,400 17 1,700||
2025|41|63|4|Approved Budget 2025|https://www.mufuliracouncil.gov.zm/wp-content/uploads/2025/03/Approved-2025-Budget.pdf|Land under Irrigation Increased 01 Number of irrigation Weirs rehabilitated 02 Number of farmers engaged in irrigated crop production|(0) (0)|(0) (0)|(0) (0)|(0) (0)|1 1,000||
2025|41|63|5|Approved Budget 2025|https://www.mufuliracouncil.gov.zm/wp-content/uploads/2025/03/Approved-2025-Budget.pdf|Farmer Trainings in land management conducted 01 Number of farmers trained in land management 02 Number of farms inspected|(0) (0)|(0) (0)|(0) (0)|(0) (0)|1,700 200||
2025|41|63|6|Approved Budget 2025|https://www.mufuliracouncil.gov.zm/wp-content/uploads/2025/03/Approved-2025-Budget.pdf|Increased usage of agricultural mechanization 01 Number of farmers using mechanized farming 02 Number of farm mechanization demonstrations conducted|(0) (0)|(0) (0)|(0) (0)|(0) (0)|3,000 4||
2025|41|63|7|Approved Budget 2025|https://www.mufuliracouncil.gov.zm/wp-content/uploads/2025/03/Approved-2025-Budget.pdf|Food and Nutrition promoted 01 Number of cooking demonstrations conducted 02 Number of food fairs conducted|(0) (0)|(0) (0)|(0) (0)|(0) (0)|4 4||
2025|41|63|8|Approved Budget 2025|https://www.mufuliracouncil.gov.zm/wp-content/uploads/2025/03/Approved-2025-Budget.pdf|Agriculture information disseminated 01 Number of radio programs broadcasted 02 Number of TV programs broadcasted|(0) (0)|(0) (0)|(0) (0)|(0) (0)|15 5||
2025|41|63|9|Approved Budget 2025|https://www.mufuliracouncil.gov.zm/wp-content/uploads/2025/03/Approved-2025-Budget.pdf|Farmer extension service delivered 01 Number of farmers visited 02 Number of demonstrations conducted 03 Number of extension officers trained 04 Number of camp houses rehabilitated|(0) (0) (0) (0)|(0) (0) (0) (0)|(0) (0) (0) (0)|(0) (0) (0) (0)|2,500 68 21 1||
2025|41|64|1|Approved Budget 2025|https://www.mufuliracouncil.gov.zm/wp-content/uploads/2025/03/Approved-2025-Budget.pdf|Agricultural Marketing Database created and maintained 01 Number of market visits conducted 02 Number of market bulletins compiled|(0) (0)|(0) (0)|(0) (0)|(0) (0)|52 12||
2025|41|64|2|Approved Budget 2025|https://www.mufuliracouncil.gov.zm/wp-content/uploads/2025/03/Approved-2025-Budget.pdf|Policies, plans and strategies reviewed developed 01 Number of monitoring and evaluation reports produced 02 Number of Sector plans reviewed|(0) (0)|(0) (0)|(0) (0)|(0) (0)|4 1||
2025|41|64|3|Approved Budget 2025|https://www.mufuliracouncil.gov.zm/wp-content/uploads/2025/03/Approved-2025-Budget.pdf|Harvest Surveys Conducted 01 Number of crop monitoring reports 02 Number of crop forecast results disseminated|(0) (0)|(0) (0)|(0) (0)|(0) (0)|6 1||
2025|42|65|1|Approved Budget 2025|https://www.mufuliracouncil.gov.zm/wp-content/uploads/2025/03/Approved-2025-Budget.pdf|ECONOMIC CLASSIFICATION|2023 BUDGET|||2024 BUDGET||2025 BUDGET|
2025|42|65|2|Approved Budget 2025|https://www.mufuliracouncil.gov.zm/wp-content/uploads/2025/03/Approved-2025-Budget.pdf||Approved|Expendit ure||Approved|Expendit ure*|Estimates|
2025|42|65|3|Approved Budget 2025|https://www.mufuliracouncil.gov.zm/wp-content/uploads/2025/03/Approved-2025-Budget.pdf|02Use of Goods and Services 02General Operations 20Management and Support Services 21Fisheries and Livestock Marketing 22Veterinary Services 23Fisheries Unit 24Livestock Development|- - - - - - -|- - - - - - -||- - - - - - -|-|486,160 486,160 98,205 125,823 104,853 94,367 62,912|
2025|42|65|4|Approved Budget 2025|https://www.mufuliracouncil.gov.zm/wp-content/uploads/2025/03/Approved-2025-Budget.pdf||||||-||
2025|42|65|5|Approved Budget 2025|https://www.mufuliracouncil.gov.zm/wp-content/uploads/2025/03/Approved-2025-Budget.pdf||||||-||
2025|42|65|6|Approved Budget 2025|https://www.mufuliracouncil.gov.zm/wp-content/uploads/2025/03/Approved-2025-Budget.pdf||||||-||
2025|42|65|7|Approved Budget 2025|https://www.mufuliracouncil.gov.zm/wp-content/uploads/2025/03/Approved-2025-Budget.pdf||||||-||
2025|42|65|8|Approved Budget 2025|https://www.mufuliracouncil.gov.zm/wp-content/uploads/2025/03/Approved-2025-Budget.pdf||||||-||
2025|42|65|9|Approved Budget 2025|https://www.mufuliracouncil.gov.zm/wp-content/uploads/2025/03/Approved-2025-Budget.pdf||||||-||
2025|42|65|10|Approved Budget 2025|https://www.mufuliracouncil.gov.zm/wp-content/uploads/2025/03/Approved-2025-Budget.pdf|Programme Total|(0)|(0)||||486,160|
2025|42|65|11|Approved Budget 2025|https://www.mufuliracouncil.gov.zm/wp-content/uploads/2025/03/Approved-2025-Budget.pdf|||||(0)|(0)||
2025|42|66|1|Approved Budget 2025|https://www.mufuliracouncil.gov.zm/wp-content/uploads/2025/03/Approved-2025-Budget.pdf|PROGRAMME/SUBPROGRAMME|2023 BUDGET||2024 BUDGET||2025 BUDGET||
2025|42|66|2|Approved Budget 2025|https://www.mufuliracouncil.gov.zm/wp-content/uploads/2025/03/Approved-2025-Budget.pdf||Approved|Expendit ure|Approved|Expendit ure*|Estimates||
2025|42|67|1|Approved Budget 2025|https://www.mufuliracouncil.gov.zm/wp-content/uploads/2025/03/Approved-2025-Budget.pdf|Programme Total|(0)|(0)|(|0)|(0)|4864,8166,0160|
2025|43|68|1|Approved Budget 2025|https://www.mufuliracouncil.gov.zm/wp-content/uploads/2025/03/Approved-2025-Budget.pdf|Key Output and Output Indicator|2023||2024||2025||
2025|43|68|2|Approved Budget 2025|https://www.mufuliracouncil.gov.zm/wp-content/uploads/2025/03/Approved-2025-Budget.pdf||Target|Actual|Target|Actual*|Target||
2025|43|68|3|Approved Budget 2025|https://www.mufuliracouncil.gov.zm/wp-content/uploads/2025/03/Approved-2025-Budget.pdf|Fisheries & Livestock Technologies disseminated 01 Number of radio programmes conducted 02 Number of TV programmes conducted 03 Number of shows participated|(0) (0) (0)|(0) (0) (0)|(0) (0) (0)|(0) (0) (0)|12 1 4||
2025|43|68|4|Approved Budget 2025|https://www.mufuliracouncil.gov.zm/wp-content/uploads/2025/03/Approved-2025-Budget.pdf|Market bulletins produced and disseminated 01 Number of fisheries and livestock bulletins produced and disseminated|(0)|(0)|(0)|(0)|12||
2025|43|68|5|Approved Budget 2025|https://www.mufuliracouncil.gov.zm/wp-content/uploads/2025/03/Approved-2025-Budget.pdf|Livestock Trade Facilitated 01 Number of inspections of exit-entry points conducted|(0)|(0)|(0)|(0)|4||
2025|43|68|6|Approved Budget 2025|https://www.mufuliracouncil.gov.zm/wp-content/uploads/2025/03/Approved-2025-Budget.pdf|Livestock market established at Mokambo border post 01 Number of stakeholder engagement meetings conducted 02 Number of site visits conducted 03 Number of market linkages established|(0) (0) (0)|(0) (0) (0)|(0) (0) (0)|(0) (0) (0)|4 4 1||
2025|43|68|7|Approved Budget 2025|https://www.mufuliracouncil.gov.zm/wp-content/uploads/2025/03/Approved-2025-Budget.pdf|Veterinary services provided to livestock farmers 01 Number of trainings conducted 02 Number of camps visited|(0) (0)|(0) (0)|(0) (0)|(0) (0)|30 6||
2025|43|68|8|Approved Budget 2025|https://www.mufuliracouncil.gov.zm/wp-content/uploads/2025/03/Approved-2025-Budget.pdf|Animal disease surveillance conducted 01 Number of disease surveillance reports produced 02 Number of farms sampled|(0) (0)|(0) (0)|(0) (0)|(0) (0)|15 15||
2025|43|68|9|Approved Budget 2025|https://www.mufuliracouncil.gov.zm/wp-content/uploads/2025/03/Approved-2025-Budget.pdf|Fisheries extension services provided 01 Number of fish farmers trained 02 Number of trainings conducted|(0) (0)|(0) (0)|(0) (0)|(0) (0)|200 3||
2025|43|68|10|Approved Budget 2025|https://www.mufuliracouncil.gov.zm/wp-content/uploads/2025/03/Approved-2025-Budget.pdf|Sustainable fishery developed 01 Number of patrols conducted 02 Number of co-management committee trainings held|(0) (0)|(0) (0)|(0) (0)|(0) (0)|15 5||
2025|43|68|11|Approved Budget 2025|https://www.mufuliracouncil.gov.zm/wp-content/uploads/2025/03/Approved-2025-Budget.pdf|Extension services provided to livestock farmers 01 Number of farmers provided with extension services|(0)|(0)|(0)|(0)|3,060||
2025|43|68|12|Approved Budget 2025|https://www.mufuliracouncil.gov.zm/wp-content/uploads/2025/03/Approved-2025-Budget.pdf|Livestock and Fisheries policy disseminated 01 Number of stakeholder meetings held 02 Number of sectort review meetings conducted|(0) (0)|(0) (0)|(0) (0)|(0) (0)|3 1||
2025|43|68|13|Approved Budget 2025|https://www.mufuliracouncil.gov.zm/wp-content/uploads/2025/03/Approved-2025-Budget.pdf|Monitoring and Evaluation visits conducted 01 Number of monitoring and evaluation reports produced|(0)|(0)|(0)|(0)|17||
2025|44|69|1|Approved Budget 2025|https://www.mufuliracouncil.gov.zm/wp-content/uploads/2025/03/Approved-2025-Budget.pdf|ECONOMIC CLASSIFICATION|2023 BUDGET|||2024 BUDGET||2025 BUDGET|
2025|44|69|2|Approved Budget 2025|https://www.mufuliracouncil.gov.zm/wp-content/uploads/2025/03/Approved-2025-Budget.pdf||Approved|Expendit ure||Approved|Expendit ure*|Estimates|
2025|44|69|3|Approved Budget 2025|https://www.mufuliracouncil.gov.zm/wp-content/uploads/2025/03/Approved-2025-Budget.pdf|02Use of Goods and Services 02General Operations 26Social Welfare unit 27Community Development unit 03Transfers 01Transfers 26Social Welfare unit|- - - - - - -|- - - - - - -||- - - - - - -|-|3,556,443 3,556,443 3,551,272 5,171 10,714,844 10,714,844 10,714,844|
2025|44|69|4|Approved Budget 2025|https://www.mufuliracouncil.gov.zm/wp-content/uploads/2025/03/Approved-2025-Budget.pdf||||||-||
2025|44|69|5|Approved Budget 2025|https://www.mufuliracouncil.gov.zm/wp-content/uploads/2025/03/Approved-2025-Budget.pdf||||||-||
2025|44|69|6|Approved Budget 2025|https://www.mufuliracouncil.gov.zm/wp-content/uploads/2025/03/Approved-2025-Budget.pdf||||||-||
2025|44|69|7|Approved Budget 2025|https://www.mufuliracouncil.gov.zm/wp-content/uploads/2025/03/Approved-2025-Budget.pdf||||||-||
2025|44|69|8|Approved Budget 2025|https://www.mufuliracouncil.gov.zm/wp-content/uploads/2025/03/Approved-2025-Budget.pdf||||||-||
2025|44|69|9|Approved Budget 2025|https://www.mufuliracouncil.gov.zm/wp-content/uploads/2025/03/Approved-2025-Budget.pdf||||||-||
2025|44|69|10|Approved Budget 2025|https://www.mufuliracouncil.gov.zm/wp-content/uploads/2025/03/Approved-2025-Budget.pdf|Programme Total|(0)|(0)||-|(0)|14,271,287|
2025|44|70|1|Approved Budget 2025|https://www.mufuliracouncil.gov.zm/wp-content/uploads/2025/03/Approved-2025-Budget.pdf|PROGRAMME/SUBPROGRAMME|2023 BUDGET||2024 BUDGET|||2025 BUDGET|
2025|44|70|2|Approved Budget 2025|https://www.mufuliracouncil.gov.zm/wp-content/uploads/2025/03/Approved-2025-Budget.pdf||Approved|Expendit ure|Approved||Expendit ure*|Estimates|
2025|44|70|3|Approved Budget 2025|https://www.mufuliracouncil.gov.zm/wp-content/uploads/2025/03/Approved-2025-Budget.pdf|18 Social Protection and Community Development 079 District Social welfare 080 Community Development|(0) (0) (0)|(0) (0)|- - (0)||(0) (0)|14,271,287 14,266,116 5,171|
2025|44|70|4|Approved Budget 2025|https://www.mufuliracouncil.gov.zm/wp-content/uploads/2025/03/Approved-2025-Budget.pdf|Programme Total|(0)|(0)||-|(0)|1144,2,27711,2,28877|
2025|45|71|1|Approved Budget 2025|https://www.mufuliracouncil.gov.zm/wp-content/uploads/2025/03/Approved-2025-Budget.pdf|Key Output and Output Indicator|2023||2024||2025||
2025|45|71|2|Approved Budget 2025|https://www.mufuliracouncil.gov.zm/wp-content/uploads/2025/03/Approved-2025-Budget.pdf||Target|Actual|Target|Actual*|Target||
2025|45|72|1|Approved Budget 2025|https://www.mufuliracouncil.gov.zm/wp-content/uploads/2025/03/Approved-2025-Budget.pdf|Care of older persons provided 01 Number of old persons supported placed at Chibolya old people's home 02 Number of old persons supported from the community|(0) (0)|(0) (0)|(0) (0)|(0) (0)|50 40||
2025|45|72|2|Approved Budget 2025|https://www.mufuliracouncil.gov.zm/wp-content/uploads/2025/03/Approved-2025-Budget.pdf|Cash for work initiative implemented 01 Number of beneficiaries receiving cash for work 02 Proportion of CFW funds disbursed|(0) (0)|(0) (0)|(0) (0)|(0) (0)|22,356 100||
2025|45|72|3|Approved Budget 2025|https://www.mufuliracouncil.gov.zm/wp-content/uploads/2025/03/Approved-2025-Budget.pdf|Functional Adult Literacy within the District attained 01 Number of sensitization meetings on Adult Literacy conducted 02 Number of People Trained in Functional Adult Literacy|(0) (0)|(0) (0)|(0) (0)|(0) (0)|4 50||
2025|46|73|1|Approved Budget 2025|https://www.mufuliracouncil.gov.zm/wp-content/uploads/2025/03/Approved-2025-Budget.pdf|Geographic Location|Key Outputs and Outputs Indicator|MTEF Output Target|||||
2025|46|73|2|Approved Budget 2025|https://www.mufuliracouncil.gov.zm/wp-content/uploads/2025/03/Approved-2025-Budget.pdf|||2022|2023|2024|||
2025|53|74|1|Approved Budget 2025|https://www.mufuliracouncil.gov.zm/wp-content/uploads/2025/03/Approved-2025-Budget.pdf||1 Percentage of vulnerable students assessed and recommended for bursaries for tertiary education – Bursaries Scheme 03Care of older persons provided 1 Number of old persons supported placed at Chibolya old people's home 2 Number of old persons supported from the community 04Cash for work initiative implemented 1 Number of beneficiaries receiving cash for work 2 Proportion of CFW funds disbursed 01Functional Adult Literacy within the District attained 1 Number of sensitization meetings on Adult Literacy conducted 2 Number of People Trained in Functional Adult Literacy|100 50 40 22,356 100 4 50|100 50 45 22,356 100 4 70||||
2026|2|1|1|Approved Budget 2026|https://www.mufuliracouncil.gov.zm/wp-content/uploads/2026/08/Mufulira-2026-OBB-Budget-17.12.2025.pdf|CODE|REVENUE DESCRIPTION|APPROVED BUDGET 2026|||REVISED BUDGET 2027||BUDGET ESTIMATE 2028
2026|2|1|2|Approved Budget 2026|https://www.mufuliracouncil.gov.zm/wp-content/uploads/2026/08/Mufulira-2026-OBB-Budget-17.12.2025.pdf|01|Local taxes/rates||||||
2026|2|1|3|Approved Budget 2026|https://www.mufuliracouncil.gov.zm/wp-content/uploads/2026/08/Mufulira-2026-OBB-Budget-17.12.2025.pdf|001|Residential|9,230,998|||9,969,478||10,154,098
2026|2|1|4|Approved Budget 2026|https://www.mufuliracouncil.gov.zm/wp-content/uploads/2026/08/Mufulira-2026-OBB-Budget-17.12.2025.pdf|002|Commercial|8,469,086|||9,146,613||9,315,995
2026|2|1|5|Approved Budget 2026|https://www.mufuliracouncil.gov.zm/wp-content/uploads/2026/08/Mufulira-2026-OBB-Budget-17.12.2025.pdf|003|Industrial|613,507|||662,587||674,858
2026|2|1|6|Approved Budget 2026|https://www.mufuliracouncil.gov.zm/wp-content/uploads/2026/08/Mufulira-2026-OBB-Budget-17.12.2025.pdf|005|Mining/Plant|34,673,000|||41,050,832||41,811,033
2026|2|1|7|Approved Budget 2026|https://www.mufuliracouncil.gov.zm/wp-content/uploads/2026/08/Mufulira-2026-OBB-Budget-17.12.2025.pdf||SubItem Total||52,986,592||60,829,511||61,955,983
2026|2|1|8|Approved Budget 2026|https://www.mufuliracouncil.gov.zm/wp-content/uploads/2026/08/Mufulira-2026-OBB-Budget-17.12.2025.pdf|001|Personal levy|217,003|||234,363||238,704
2026|2|1|9|Approved Budget 2026|https://www.mufuliracouncil.gov.zm/wp-content/uploads/2026/08/Mufulira-2026-OBB-Budget-17.12.2025.pdf||SubItem Total||217,003||234,363||238,704
2026|2|1|10|Approved Budget 2026|https://www.mufuliracouncil.gov.zm/wp-content/uploads/2026/08/Mufulira-2026-OBB-Budget-17.12.2025.pdf|CODE|REVENUE DESCRIPTION|APPROVED BUDGET 2026|||REVISED BUDGET 2027||BUDGET ESTIMATE 2028
2026|2|1|11|Approved Budget 2026|https://www.mufuliracouncil.gov.zm/wp-content/uploads/2026/08/Mufulira-2026-OBB-Budget-17.12.2025.pdf|02|Fees and Charges||||||
2026|2|1|12|Approved Budget 2026|https://www.mufuliracouncil.gov.zm/wp-content/uploads/2026/08/Mufulira-2026-OBB-Budget-17.12.2025.pdf|001|Consent fees|3,100|||3,348||3,410
2026|2|1|13|Approved Budget 2026|https://www.mufuliracouncil.gov.zm/wp-content/uploads/2026/08/Mufulira-2026-OBB-Budget-17.12.2025.pdf|002|Survey fees|215,000|||232,200||236,500
2026|2|1|14|Approved Budget 2026|https://www.mufuliracouncil.gov.zm/wp-content/uploads/2026/08/Mufulira-2026-OBB-Budget-17.12.2025.pdf|003|Building inspection-fees|438,000|||473,040||481,800
2026|2|1|15|Approved Budget 2026|https://www.mufuliracouncil.gov.zm/wp-content/uploads/2026/08/Mufulira-2026-OBB-Budget-17.12.2025.pdf|004|Plan scrutiny fee|760,000|||820,800||836,000
2026|2|1|16|Approved Budget 2026|https://www.mufuliracouncil.gov.zm/wp-content/uploads/2026/08/Mufulira-2026-OBB-Budget-17.12.2025.pdf|007|Rentals/lease of Council’s properties|1,083,300|||1,169,964||1,191,630
2026|2|1|17|Approved Budget 2026|https://www.mufuliracouncil.gov.zm/wp-content/uploads/2026/08/Mufulira-2026-OBB-Budget-17.12.2025.pdf|008|Non-Land Application forms fees|231,727|||249,966||254,595
2026|2|1|18|Approved Budget 2026|https://www.mufuliracouncil.gov.zm/wp-content/uploads/2026/08/Mufulira-2026-OBB-Budget-17.12.2025.pdf|009|Rentals from houses|268,800|||290,304||295,680
2026|2|1|19|Approved Budget 2026|https://www.mufuliracouncil.gov.zm/wp-content/uploads/2026/08/Mufulira-2026-OBB-Budget-17.12.2025.pdf|010|Sketch plan|90,000|||97,200||99,000
2026|2|1|20|Approved Budget 2026|https://www.mufuliracouncil.gov.zm/wp-content/uploads/2026/08/Mufulira-2026-OBB-Budget-17.12.2025.pdf|011|Search fees|41,000|||44,280||45,100
2026|2|1|21|Approved Budget 2026|https://www.mufuliracouncil.gov.zm/wp-content/uploads/2026/08/Mufulira-2026-OBB-Budget-17.12.2025.pdf|012|Notice board advert fees|6,340|||6,847||6,974
2026|2|1|22|Approved Budget 2026|https://www.mufuliracouncil.gov.zm/wp-content/uploads/2026/08/Mufulira-2026-OBB-Budget-17.12.2025.pdf|013|Market fees|1,011,050|||1,091,934||1,112,155
2026|2|1|23|Approved Budget 2026|https://www.mufuliracouncil.gov.zm/wp-content/uploads/2026/08/Mufulira-2026-OBB-Budget-17.12.2025.pdf|014|Parking fees|47,600|||51,408||52,360
2026|2|1|24|Approved Budget 2026|https://www.mufuliracouncil.gov.zm/wp-content/uploads/2026/08/Mufulira-2026-OBB-Budget-17.12.2025.pdf|016|Loading fees (buses, trucks, trains, taxies etc.)|664,560|||717,725||731,016
2026|2|1|25|Approved Budget 2026|https://www.mufuliracouncil.gov.zm/wp-content/uploads/2026/08/Mufulira-2026-OBB-Budget-17.12.2025.pdf|020|Hire of halls|23,000|||24,840||25,300
2026|2|1|26|Approved Budget 2026|https://www.mufuliracouncil.gov.zm/wp-content/uploads/2026/08/Mufulira-2026-OBB-Budget-17.12.2025.pdf|024|Recommendations fees|5,000|||5,400||5,500
2026|2|1|27|Approved Budget 2026|https://www.mufuliracouncil.gov.zm/wp-content/uploads/2026/08/Mufulira-2026-OBB-Budget-17.12.2025.pdf|033|Refuse disposal|918,720|||992,218||1,010,592
2026|2|1|28|Approved Budget 2026|https://www.mufuliracouncil.gov.zm/wp-content/uploads/2026/08/Mufulira-2026-OBB-Budget-17.12.2025.pdf|038|Library membership fees|73,250|||79,110||80,575
2026|2|1|29|Approved Budget 2026|https://www.mufuliracouncil.gov.zm/wp-content/uploads/2026/08/Mufulira-2026-OBB-Budget-17.12.2025.pdf|045|Notice of marriage fees|277,000|||299,160||304,700
2026|2|1|30|Approved Budget 2026|https://www.mufuliracouncil.gov.zm/wp-content/uploads/2026/08/Mufulira-2026-OBB-Budget-17.12.2025.pdf|046|Abattoir/meat inspection fees|45,700|||49,356||50,270
2026|2|1|31|Approved Budget 2026|https://www.mufuliracouncil.gov.zm/wp-content/uploads/2026/08/Mufulira-2026-OBB-Budget-17.12.2025.pdf|047|Registration of clubs and societies|371,250|||494,838||524,838
2026|2|1|32|Approved Budget 2026|https://www.mufuliracouncil.gov.zm/wp-content/uploads/2026/08/Mufulira-2026-OBB-Budget-17.12.2025.pdf|059|Land Record|90,000|||97,200||99,000
2026|2|1|33|Approved Budget 2026|https://www.mufuliracouncil.gov.zm/wp-content/uploads/2026/08/Mufulira-2026-OBB-Budget-17.12.2025.pdf|063|Billboards and banners|54,500|||58,860||59,950
2026|2|1|34|Approved Budget 2026|https://www.mufuliracouncil.gov.zm/wp-content/uploads/2026/08/Mufulira-2026-OBB-Budget-17.12.2025.pdf|065|Council Minutes Extracts|9,000|||9,720||9,900
2026|2|1|35|Approved Budget 2026|https://www.mufuliracouncil.gov.zm/wp-content/uploads/2026/08/Mufulira-2026-OBB-Budget-17.12.2025.pdf|066|Penalties|481,250|||632,578||702,963
2026|2|1|36|Approved Budget 2026|https://www.mufuliracouncil.gov.zm/wp-content/uploads/2026/08/Mufulira-2026-OBB-Budget-17.12.2025.pdf|074|Sale of Bid Documents|300,000|||324,000||330,000
2026|2|1|37|Approved Budget 2026|https://www.mufuliracouncil.gov.zm/wp-content/uploads/2026/08/Mufulira-2026-OBB-Budget-17.12.2025.pdf|099|Other fees and charges|6,755,710|||7,296,167||7,188,181
2026|2|1|38|Approved Budget 2026|https://www.mufuliracouncil.gov.zm/wp-content/uploads/2026/08/Mufulira-2026-OBB-Budget-17.12.2025.pdf||SubItem Total||14,264,857||15,612,461||15,737,988
2026|2|1|39|Approved Budget 2026|https://www.mufuliracouncil.gov.zm/wp-content/uploads/2026/08/Mufulira-2026-OBB-Budget-17.12.2025.pdf|CODE|REVENUE DESCRIPTION|APPROVED BUDGET 2026|||REVISED BUDGET 2027||BUDGET ESTIMATE 2028
2026|2|1|40|Approved Budget 2026|https://www.mufuliracouncil.gov.zm/wp-content/uploads/2026/08/Mufulira-2026-OBB-Budget-17.12.2025.pdf|03|Licenses||||||
2026|2|1|41|Approved Budget 2026|https://www.mufuliracouncil.gov.zm/wp-content/uploads/2026/08/Mufulira-2026-OBB-Budget-17.12.2025.pdf|002|Liquor licence|80,000|||86,400||88,000
2026|2|1|42|Approved Budget 2026|https://www.mufuliracouncil.gov.zm/wp-content/uploads/2026/08/Mufulira-2026-OBB-Budget-17.12.2025.pdf|004|Petroleum Storage licence|161,100|||173,988||177,210
2026|2|1|43|Approved Budget 2026|https://www.mufuliracouncil.gov.zm/wp-content/uploads/2026/08/Mufulira-2026-OBB-Budget-17.12.2025.pdf|099|Other Licences|76,676|||82,810||84,344
2026|2|1|44|Approved Budget 2026|https://www.mufuliracouncil.gov.zm/wp-content/uploads/2026/08/Mufulira-2026-OBB-Budget-17.12.2025.pdf||SubItem Total||317,776||343,198||349,554
2026|3|2|1|Approved Budget 2026|https://www.mufuliracouncil.gov.zm/wp-content/uploads/2026/08/Mufulira-2026-OBB-Budget-17.12.2025.pdf|CODE|REVENUE DESCRIPTION|APPROVED BUDGET 2026|||REVISED BUDGET 2027||BUDGET ESTIMATE 2028
2026|3|2|2|Approved Budget 2026|https://www.mufuliracouncil.gov.zm/wp-content/uploads/2026/08/Mufulira-2026-OBB-Budget-17.12.2025.pdf|04|Levies||||||
2026|3|2|3|Approved Budget 2026|https://www.mufuliracouncil.gov.zm/wp-content/uploads/2026/08/Mufulira-2026-OBB-Budget-17.12.2025.pdf|004|Pole levy|5,370|||5,800||5,907
2026|3|2|4|Approved Budget 2026|https://www.mufuliracouncil.gov.zm/wp-content/uploads/2026/08/Mufulira-2026-OBB-Budget-17.12.2025.pdf|010|Timber Levy|150,000|||162,000||165,000
2026|3|2|5|Approved Budget 2026|https://www.mufuliracouncil.gov.zm/wp-content/uploads/2026/08/Mufulira-2026-OBB-Budget-17.12.2025.pdf|011|Telecommunication Mast|171,000|||184,680||188,100
2026|3|2|6|Approved Budget 2026|https://www.mufuliracouncil.gov.zm/wp-content/uploads/2026/08/Mufulira-2026-OBB-Budget-17.12.2025.pdf|018|Trading (Retail) Consumable groceries business|711,360|||854,948||894,948
2026|3|2|7|Approved Budget 2026|https://www.mufuliracouncil.gov.zm/wp-content/uploads/2026/08/Mufulira-2026-OBB-Budget-17.12.2025.pdf|019|Retail Merchants non-consumable business|277,775|||299,997||305,553
2026|3|2|8|Approved Budget 2026|https://www.mufuliracouncil.gov.zm/wp-content/uploads/2026/08/Mufulira-2026-OBB-Budget-17.12.2025.pdf|020|Trading (Retail) chain stores and supermarkets|23,335|||25,202||25,669
2026|3|2|9|Approved Budget 2026|https://www.mufuliracouncil.gov.zm/wp-content/uploads/2026/08/Mufulira-2026-OBB-Budget-17.12.2025.pdf|028|Filling Station|17,779|||19,202||19,557
2026|3|2|10|Approved Budget 2026|https://www.mufuliracouncil.gov.zm/wp-content/uploads/2026/08/Mufulira-2026-OBB-Budget-17.12.2025.pdf|030|Scrap Metal Dealers|4,741|||5,120||5,215
2026|3|2|11|Approved Budget 2026|https://www.mufuliracouncil.gov.zm/wp-content/uploads/2026/08/Mufulira-2026-OBB-Budget-17.12.2025.pdf|031|Car Wash|14,400|||15,552||15,840
2026|3|2|12|Approved Budget 2026|https://www.mufuliracouncil.gov.zm/wp-content/uploads/2026/08/Mufulira-2026-OBB-Budget-17.12.2025.pdf|032|Hospitality|36,000|||38,880||39,600
2026|3|2|13|Approved Budget 2026|https://www.mufuliracouncil.gov.zm/wp-content/uploads/2026/08/Mufulira-2026-OBB-Budget-17.12.2025.pdf|033|Commercial Banks|24,000|||25,920||26,400
2026|3|2|14|Approved Budget 2026|https://www.mufuliracouncil.gov.zm/wp-content/uploads/2026/08/Mufulira-2026-OBB-Budget-17.12.2025.pdf|034|Micro- Finance and Money-Lenders|48,000|||51,840||52,800
2026|3|2|15|Approved Budget 2026|https://www.mufuliracouncil.gov.zm/wp-content/uploads/2026/08/Mufulira-2026-OBB-Budget-17.12.2025.pdf|099|Other levies|167,350|||388,588||398,588
2026|3|2|16|Approved Budget 2026|https://www.mufuliracouncil.gov.zm/wp-content/uploads/2026/08/Mufulira-2026-OBB-Budget-17.12.2025.pdf||SubItem Total||1,651,110||2,077,727||2,143,175
2026|3|2|17|Approved Budget 2026|https://www.mufuliracouncil.gov.zm/wp-content/uploads/2026/08/Mufulira-2026-OBB-Budget-17.12.2025.pdf|CODE|REVENUE DESCRIPTION|APPROVED BUDGET 2026|||REVISED BUDGET 2027||BUDGET ESTIMATE 2028
2026|3|2|18|Approved Budget 2026|https://www.mufuliracouncil.gov.zm/wp-content/uploads/2026/08/Mufulira-2026-OBB-Budget-17.12.2025.pdf|05|Permits||||||
2026|3|2|19|Approved Budget 2026|https://www.mufuliracouncil.gov.zm/wp-content/uploads/2026/08/Mufulira-2026-OBB-Budget-17.12.2025.pdf|001|Health permits|955,947|||1,032,423||1,051,542
2026|3|2|20|Approved Budget 2026|https://www.mufuliracouncil.gov.zm/wp-content/uploads/2026/08/Mufulira-2026-OBB-Budget-17.12.2025.pdf|002|Permit for opaque beer|4,500|||4,860||4,950
2026|3|2|21|Approved Budget 2026|https://www.mufuliracouncil.gov.zm/wp-content/uploads/2026/08/Mufulira-2026-OBB-Budget-17.12.2025.pdf|004|Transportation of milk products|271|||292||298
2026|3|2|22|Approved Budget 2026|https://www.mufuliracouncil.gov.zm/wp-content/uploads/2026/08/Mufulira-2026-OBB-Budget-17.12.2025.pdf|006|Transportation of opaque beer|216|||234||238
2026|3|2|23|Approved Budget 2026|https://www.mufuliracouncil.gov.zm/wp-content/uploads/2026/08/Mufulira-2026-OBB-Budget-17.12.2025.pdf|008|Burial permits and grave sites|747,880|||807,710||822,668
2026|3|2|24|Approved Budget 2026|https://www.mufuliracouncil.gov.zm/wp-content/uploads/2026/08/Mufulira-2026-OBB-Budget-17.12.2025.pdf|009|Fire certificate|1,162,000|||1,238,220||1,261,150
2026|3|2|25|Approved Budget 2026|https://www.mufuliracouncil.gov.zm/wp-content/uploads/2026/08/Mufulira-2026-OBB-Budget-17.12.2025.pdf||SubItem Total||2,870,814||3,083,739||3,140,845
2026|3|2|26|Approved Budget 2026|https://www.mufuliracouncil.gov.zm/wp-content/uploads/2026/08/Mufulira-2026-OBB-Budget-17.12.2025.pdf|CODE|REVENUE DESCRIPTION|APPROVED BUDGET 2026|||REVISED BUDGET 2027||BUDGET ESTIMATE 2028
2026|3|2|27|Approved Budget 2026|https://www.mufuliracouncil.gov.zm/wp-content/uploads/2026/08/Mufulira-2026-OBB-Budget-17.12.2025.pdf|06|Charges||||||
2026|3|2|28|Approved Budget 2026|https://www.mufuliracouncil.gov.zm/wp-content/uploads/2026/08/Mufulira-2026-OBB-Budget-17.12.2025.pdf|003|Premium Plot- Residential|1,372,500|||1,482,300||1,509,750
2026|3|2|29|Approved Budget 2026|https://www.mufuliracouncil.gov.zm/wp-content/uploads/2026/08/Mufulira-2026-OBB-Budget-17.12.2025.pdf|004|Premium Plot Commercial|355,000|||383,400||390,500
2026|3|2|30|Approved Budget 2026|https://www.mufuliracouncil.gov.zm/wp-content/uploads/2026/08/Mufulira-2026-OBB-Budget-17.12.2025.pdf|007|Land Application Charges|68,000|||73,440||74,800
2026|3|2|31|Approved Budget 2026|https://www.mufuliracouncil.gov.zm/wp-content/uploads/2026/08/Mufulira-2026-OBB-Budget-17.12.2025.pdf|008|Land Conversion|305,000|||329,400||335,500
2026|3|2|32|Approved Budget 2026|https://www.mufuliracouncil.gov.zm/wp-content/uploads/2026/08/Mufulira-2026-OBB-Budget-17.12.2025.pdf|010|Sub-division of plot|65,000|||70,200||71,500
2026|3|2|33|Approved Budget 2026|https://www.mufuliracouncil.gov.zm/wp-content/uploads/2026/08/Mufulira-2026-OBB-Budget-17.12.2025.pdf|011|Land regularisation|420,000|||453,600||462,000
2026|3|2|34|Approved Budget 2026|https://www.mufuliracouncil.gov.zm/wp-content/uploads/2026/08/Mufulira-2026-OBB-Budget-17.12.2025.pdf|012|Change of Land use|200,000|||216,000||220,000
2026|3|2|35|Approved Budget 2026|https://www.mufuliracouncil.gov.zm/wp-content/uploads/2026/08/Mufulira-2026-OBB-Budget-17.12.2025.pdf|099|Land Charges|159,000|||171,720||174,900
2026|3|2|36|Approved Budget 2026|https://www.mufuliracouncil.gov.zm/wp-content/uploads/2026/08/Mufulira-2026-OBB-Budget-17.12.2025.pdf||SubItem Total||2,944,500||3,180,060||3,238,950
2026|3|2|37|Approved Budget 2026|https://www.mufuliracouncil.gov.zm/wp-content/uploads/2026/08/Mufulira-2026-OBB-Budget-17.12.2025.pdf|CODE|REVENUE DESCRIPTION|APPROVED BUDGET 2026|||REVISED BUDGET 2027||BUDGET ESTIMATE 2028
2026|3|2|38|Approved Budget 2026|https://www.mufuliracouncil.gov.zm/wp-content/uploads/2026/08/Mufulira-2026-OBB-Budget-17.12.2025.pdf|07|Other Incomes||||||
2026|3|2|39|Approved Budget 2026|https://www.mufuliracouncil.gov.zm/wp-content/uploads/2026/08/Mufulira-2026-OBB-Budget-17.12.2025.pdf|099|Other Income|7,500|||8,100||8,250
2026|3|2|40|Approved Budget 2026|https://www.mufuliracouncil.gov.zm/wp-content/uploads/2026/08/Mufulira-2026-OBB-Budget-17.12.2025.pdf||SubItem Total||7,500||8,100||8,250
2026|4|3|1|Approved Budget 2026|https://www.mufuliracouncil.gov.zm/wp-content/uploads/2026/08/Mufulira-2026-OBB-Budget-17.12.2025.pdf|CODE|REVENUE DESCRIPTION|APPROVED BUDGET 2026||REVISED BUDGET 2027|BUDGET ESTIMATE 2028||
2026|4|3|2|Approved Budget 2026|https://www.mufuliracouncil.gov.zm/wp-content/uploads/2026/08/Mufulira-2026-OBB-Budget-17.12.2025.pdf|08|National Support (Grants)||||||
2026|4|3|3|Approved Budget 2026|https://www.mufuliracouncil.gov.zm/wp-content/uploads/2026/08/Mufulira-2026-OBB-Budget-17.12.2025.pdf|002|Roads Grant|3,200,587||3,200,587|3,200,587||
2026|4|3|4|Approved Budget 2026|https://www.mufuliracouncil.gov.zm/wp-content/uploads/2026/08/Mufulira-2026-OBB-Budget-17.12.2025.pdf|003|Health Grant|2,814,902||2,814,902|2,814,902||
2026|4|3|5|Approved Budget 2026|https://www.mufuliracouncil.gov.zm/wp-content/uploads/2026/08/Mufulira-2026-OBB-Budget-17.12.2025.pdf|004|Local Government Equalisation Fund|12,767,534||13,788,937|14,044,287||
2026|4|3|6|Approved Budget 2026|https://www.mufuliracouncil.gov.zm/wp-content/uploads/2026/08/Mufulira-2026-OBB-Budget-17.12.2025.pdf|099|Other Grants|8,182,940||8,182,940|8,182,940||
2026|4|3|7|Approved Budget 2026|https://www.mufuliracouncil.gov.zm/wp-content/uploads/2026/08/Mufulira-2026-OBB-Budget-17.12.2025.pdf||SubItem Total||26,965,963|27,987,366|28,242,716||
2026|4|3|8|Approved Budget 2026|https://www.mufuliracouncil.gov.zm/wp-content/uploads/2026/08/Mufulira-2026-OBB-Budget-17.12.2025.pdf|CODE|REVENUE DESCRIPTION|APPROVED BUDGET 2026||REVISED BUDGET 2027|BUDGET ESTIMATE 2028||
2026|4|3|9|Approved Budget 2026|https://www.mufuliracouncil.gov.zm/wp-content/uploads/2026/08/Mufulira-2026-OBB-Budget-17.12.2025.pdf|10|Local Development Fund||||||
2026|4|3|10|Approved Budget 2026|https://www.mufuliracouncil.gov.zm/wp-content/uploads/2026/08/Mufulira-2026-OBB-Budget-17.12.2025.pdf|001|Constituency Development Fund|120,097,650||129,600,000|132,000,000||
2026|4|3|11|Approved Budget 2026|https://www.mufuliracouncil.gov.zm/wp-content/uploads/2026/08/Mufulira-2026-OBB-Budget-17.12.2025.pdf||SubItem Total||120,097,650|129,600,000|132,000,000||
2026|4|4|1|Approved Budget 2026|https://www.mufuliracouncil.gov.zm/wp-content/uploads/2026/08/Mufulira-2026-OBB-Budget-17.12.2025.pdf|Grand Total|222,323,765|242,956,526|247,056,165||||
2026|4|5|1|Approved Budget 2026|https://www.mufuliracouncil.gov.zm/wp-content/uploads/2026/08/Mufulira-2026-OBB-Budget-17.12.2025.pdf|No|ECONOMIC CLASSIFICATION|2024 APPROVED BUDGET (K)|2025 APPROVED BUDGET (K)|2026 BUDGET ESTIMATE (K)|||
2026|4|5|2|Approved Budget 2026|https://www.mufuliracouncil.gov.zm/wp-content/uploads/2026/08/Mufulira-2026-OBB-Budget-17.12.2025.pdf|21 22 25 26 27 31 32 41 42|Personal Emoluments Goods and Services Social Assistance Benefits Grants and Other Payments(Transfers) Subsidies to Non-Financial Enterprises Non-Financial Assets Financial Assets Current Liabilities (Payable within one year) Long term Liabilities- payable for more than one year|28,984,432 23,697,736 (0) 17,462,316 17,462,316 56,217,033 (0) 4,146,453 707,513|34,026,359 56,623,794 10,714,844 18,586,338 18,586,338 61,395,093 (0) 18,557,639 -|53,959,321 44,421,798 4,967,420 8,277,726 20,694,314 72,324,597 12,416,589 5,262,000 (0)|||
2026|4|5|3|Approved Budget 2026|https://www.mufuliracouncil.gov.zm/wp-content/uploads/2026/08/Mufulira-2026-OBB-Budget-17.12.2025.pdf||Head Total|148,677,799|218,490,404|222,323,765|||
2026|6|6|1|Approved Budget 2026|https://www.mufuliracouncil.gov.zm/wp-content/uploads/2026/08/Mufulira-2026-OBB-Budget-17.12.2025.pdf|Code|Programme|2024 Approved Budget(K)|2025 Approved Budget(K)|2026 Budget Estimates(K)|||
2026|6|6|2|Approved Budget 2026|https://www.mufuliracouncil.gov.zm/wp-content/uploads/2026/08/Mufulira-2026-OBB-Budget-17.12.2025.pdf|1 2 3 4 5 6 7 8 10 11 12 13 15 16 17 18|Constituency Development Local Governance Integrated Development Planning Economic and Business Development Public Health and Environmental Protection Housing and Community Amenities Recreation Culture and Religion Education and Skills Development Public Order and Safety Management and Support Services Resource Mobilisation and Management District Health Services Transport Services Agricultural Services Fisheries and Livestock Social Protection and Community Development|91,906,926|108,174,452 1,386,795 1,776,704 141,800 2,748,521 13,304,768 3,576,412 468,247 557,310 52,565,607 9,239,510 6,072,245 3,200,587 520,000 486,160 14,271,287|120,097,650 4,154,386 3,573,531 1,870,847 5,569,461 15,822,256 3,248,786 1,537,695 1,755,039 41,763,889 9,009,821 2,814,902 3,200,587 512,000 503,175 6,889,739|||
2026|6|6|3|Approved Budget 2026|https://www.mufuliracouncil.gov.zm/wp-content/uploads/2026/08/Mufulira-2026-OBB-Budget-17.12.2025.pdf|||3,270,323|||||
2026|6|6|4|Approved Budget 2026|https://www.mufuliracouncil.gov.zm/wp-content/uploads/2026/08/Mufulira-2026-OBB-Budget-17.12.2025.pdf|||66,890|||||
2026|6|6|5|Approved Budget 2026|https://www.mufuliracouncil.gov.zm/wp-content/uploads/2026/08/Mufulira-2026-OBB-Budget-17.12.2025.pdf|||-|||||
2026|6|6|6|Approved Budget 2026|https://www.mufuliracouncil.gov.zm/wp-content/uploads/2026/08/Mufulira-2026-OBB-Budget-17.12.2025.pdf|||3,118,341|||||
2026|6|6|7|Approved Budget 2026|https://www.mufuliracouncil.gov.zm/wp-content/uploads/2026/08/Mufulira-2026-OBB-Budget-17.12.2025.pdf|||9,656,680|||||
2026|6|6|8|Approved Budget 2026|https://www.mufuliracouncil.gov.zm/wp-content/uploads/2026/08/Mufulira-2026-OBB-Budget-17.12.2025.pdf|||69,138|||||
2026|6|6|9|Approved Budget 2026|https://www.mufuliracouncil.gov.zm/wp-content/uploads/2026/08/Mufulira-2026-OBB-Budget-17.12.2025.pdf|||401,848|||||
2026|6|6|10|Approved Budget 2026|https://www.mufuliracouncil.gov.zm/wp-content/uploads/2026/08/Mufulira-2026-OBB-Budget-17.12.2025.pdf|||371,880|||||
2026|6|6|11|Approved Budget 2026|https://www.mufuliracouncil.gov.zm/wp-content/uploads/2026/08/Mufulira-2026-OBB-Budget-17.12.2025.pdf|||39,718,283|||||
2026|6|6|12|Approved Budget 2026|https://www.mufuliracouncil.gov.zm/wp-content/uploads/2026/08/Mufulira-2026-OBB-Budget-17.12.2025.pdf|||-|||||
2026|6|6|13|Approved Budget 2026|https://www.mufuliracouncil.gov.zm/wp-content/uploads/2026/08/Mufulira-2026-OBB-Budget-17.12.2025.pdf|||97,490|||||
2026|6|6|14|Approved Budget 2026|https://www.mufuliracouncil.gov.zm/wp-content/uploads/2026/08/Mufulira-2026-OBB-Budget-17.12.2025.pdf|||(0)|||||
2026|6|6|15|Approved Budget 2026|https://www.mufuliracouncil.gov.zm/wp-content/uploads/2026/08/Mufulira-2026-OBB-Budget-17.12.2025.pdf|||(0)|||||
2026|6|6|16|Approved Budget 2026|https://www.mufuliracouncil.gov.zm/wp-content/uploads/2026/08/Mufulira-2026-OBB-Budget-17.12.2025.pdf|||(0)|||||
2026|6|6|17|Approved Budget 2026|https://www.mufuliracouncil.gov.zm/wp-content/uploads/2026/08/Mufulira-2026-OBB-Budget-17.12.2025.pdf|||-|||||
2026|6|6|18|Approved Budget 2026|https://www.mufuliracouncil.gov.zm/wp-content/uploads/2026/08/Mufulira-2026-OBB-Budget-17.12.2025.pdf||Head Total|148,677,799|218,490,404|222,323,765|||
2026|7|7|1|Approved Budget 2026|https://www.mufuliracouncil.gov.zm/wp-content/uploads/2026/08/Mufulira-2026-OBB-Budget-17.12.2025.pdf|PROGRAMME/SUB-PROGRAMME|2024 BUDGET||2025 BUDGET||2026 BUDGET||
2026|7|7|2|Approved Budget 2026|https://www.mufuliracouncil.gov.zm/wp-content/uploads/2026/08/Mufulira-2026-OBB-Budget-17.12.2025.pdf||Approved|Expendit ure|Approved|Expendit ure*|Estimate||
2026|7|7|3|Approved Budget 2026|https://www.mufuliracouncil.gov.zm/wp-content/uploads/2026/08/Mufulira-2026-OBB-Budget-17.12.2025.pdf|1|||||||
2026|8|8|1|Approved Budget 2026|https://www.mufuliracouncil.gov.zm/wp-content/uploads/2026/08/Mufulira-2026-OBB-Budget-17.12.2025.pdf|Head Total||148,677,799|(0)|218,490,404|(0)|222,323,765|
2026|12|9|1|Approved Budget 2026|https://www.mufuliracouncil.gov.zm/wp-content/uploads/2026/08/Mufulira-2026-OBB-Budget-17.12.2025.pdf|ECONOMIC CLASSIFICATION|2024 BUDGET||||2025 BUDGET||2026 BUDGET
2026|12|9|2|Approved Budget 2026|https://www.mufuliracouncil.gov.zm/wp-content/uploads/2026/08/Mufulira-2026-OBB-Budget-17.12.2025.pdf||Approved|Expendit ure|||Approved|Expendit ure*|Estimates
2026|12|9|3|Approved Budget 2026|https://www.mufuliracouncil.gov.zm/wp-content/uploads/2026/08/Mufulira-2026-OBB-Budget-17.12.2025.pdf|02Use of Goods and Services 02General Operations 03Transfers 01Transfers 02Subsidies 04Assets 01Non-Financial Assets (Capital Expenditure) 02Financial Assets|4,595,346 4,595,346 34,924,632 17,462,316 17,462,316 52,386,948 52,386,948 -|- - - - - - - -|||15,242,764|-|16,626,078 16,626,078 28,972,040 8,277,726 20,694,314 74,499,532 62,082,943 12,416,589
2026|12|9|4|Approved Budget 2026|https://www.mufuliracouncil.gov.zm/wp-content/uploads/2026/08/Mufulira-2026-OBB-Budget-17.12.2025.pdf||||||15,242,764|-|
2026|12|9|5|Approved Budget 2026|https://www.mufuliracouncil.gov.zm/wp-content/uploads/2026/08/Mufulira-2026-OBB-Budget-17.12.2025.pdf||||||37,172,675|-|
2026|12|9|6|Approved Budget 2026|https://www.mufuliracouncil.gov.zm/wp-content/uploads/2026/08/Mufulira-2026-OBB-Budget-17.12.2025.pdf||||||18,586,338|-|
2026|12|9|7|Approved Budget 2026|https://www.mufuliracouncil.gov.zm/wp-content/uploads/2026/08/Mufulira-2026-OBB-Budget-17.12.2025.pdf||||||18,586,338|-|
2026|12|9|8|Approved Budget 2026|https://www.mufuliracouncil.gov.zm/wp-content/uploads/2026/08/Mufulira-2026-OBB-Budget-17.12.2025.pdf||||||55,759,013|-|
2026|12|9|9|Approved Budget 2026|https://www.mufuliracouncil.gov.zm/wp-content/uploads/2026/08/Mufulira-2026-OBB-Budget-17.12.2025.pdf||||||55,759,013|-|
2026|12|9|10|Approved Budget 2026|https://www.mufuliracouncil.gov.zm/wp-content/uploads/2026/08/Mufulira-2026-OBB-Budget-17.12.2025.pdf||||||-|-|
2026|12|9|11|Approved Budget 2026|https://www.mufuliracouncil.gov.zm/wp-content/uploads/2026/08/Mufulira-2026-OBB-Budget-17.12.2025.pdf|Programme Total|91,906,926|(0)|||108,174,452|(0)|120,097,650
2026|13|10|1|Approved Budget 2026|https://www.mufuliracouncil.gov.zm/wp-content/uploads/2026/08/Mufulira-2026-OBB-Budget-17.12.2025.pdf|PROGRAMME/SUBPROGRAMME|2024 BUDGET||2025 BUDGET||2026 BUDGET||
2026|13|10|2|Approved Budget 2026|https://www.mufuliracouncil.gov.zm/wp-content/uploads/2026/08/Mufulira-2026-OBB-Budget-17.12.2025.pdf||Approved|Expendit ure|Approved|Expendit ure*|Estimates||
2026|13|11|1|Approved Budget 2026|https://www.mufuliracouncil.gov.zm/wp-content/uploads/2026/08/Mufulira-2026-OBB-Budget-17.12.2025.pdf|Programme Total|91,906,926|(0)|108,174,45|2|(0)|112200,,009977,,665500|
2026|14|12|1|Approved Budget 2026|https://www.mufuliracouncil.gov.zm/wp-content/uploads/2026/08/Mufulira-2026-OBB-Budget-17.12.2025.pdf|Key Output and Output Indicator|2024||2025||2026||
2026|14|12|2|Approved Budget 2026|https://www.mufuliracouncil.gov.zm/wp-content/uploads/2026/08/Mufulira-2026-OBB-Budget-17.12.2025.pdf||Target|Actual|Target|Actual*|Target||
2026|14|12|3|Approved Budget 2026|https://www.mufuliracouncil.gov.zm/wp-content/uploads/2026/08/Mufulira-2026-OBB-Budget-17.12.2025.pdf|Community Projects Implemented 01 Number of school desks purchased 02 Kilometers of feeder roads rehabilitated 03 Number of boreholes drilled and equiped|- (0) (0)|(0) (0) (0)|2,100 75 35|985 50 23|1,000 82 15||
2026|14|12|4|Approved Budget 2026|https://www.mufuliracouncil.gov.zm/wp-content/uploads/2026/08/Mufulira-2026-OBB-Budget-17.12.2025.pdf|Empowerment Funds Disbursed 01 Number of women groups empowered with grants 02 Number of youth groups empowered with grants 03 Number of women and youth groups empowered with loans|- (0) (0)|(0) (0) (0)|100 100 40|103 111 46|120 120 45||
2026|14|12|5|Approved Budget 2026|https://www.mufuliracouncil.gov.zm/wp-content/uploads/2026/08/Mufulira-2026-OBB-Budget-17.12.2025.pdf|CDF Implementation Enhanced 01 Number of CDF monitoring and evaluation visits conducted 02 Percentage of CDF projects branded 03 Number of CDF committee meetings held|- (0) (0)|(0) (0) (0)|30 100 24|48 100 18|30 100 12||
2026|14|12|6|Approved Budget 2026|https://www.mufuliracouncil.gov.zm/wp-content/uploads/2026/08/Mufulira-2026-OBB-Budget-17.12.2025.pdf|Secondary School Bursaries Accessed 01 (cid:9)Number of pupils accessing secondary school boarding bursaries|-|(0)|130|148|150||
2026|14|12|7|Approved Budget 2026|https://www.mufuliracouncil.gov.zm/wp-content/uploads/2026/08/Mufulira-2026-OBB-Budget-17.12.2025.pdf|Youths Skills Development Bursaries Accessed 01 Number of youths accessing skills development bursaries|(0)|(0)|1,400|1,724|1,500||
2026|15|13|1|Approved Budget 2026|https://www.mufuliracouncil.gov.zm/wp-content/uploads/2026/08/Mufulira-2026-OBB-Budget-17.12.2025.pdf|ECONOMIC CLASSIFICATION|2024 BUDGET|||2025 BUDGET||2026 BUDGET|
2026|15|13|2|Approved Budget 2026|https://www.mufuliracouncil.gov.zm/wp-content/uploads/2026/08/Mufulira-2026-OBB-Budget-17.12.2025.pdf||Approved|Expendit ure||Approved|Expendit ure*|Estimates|
2026|15|13|3|Approved Budget 2026|https://www.mufuliracouncil.gov.zm/wp-content/uploads/2026/08/Mufulira-2026-OBB-Budget-17.12.2025.pdf|01Personal Emoluments 01Salaries and Wages 02Other Emoluments 03Personnel Related Costs 02Use of Goods and Services 02General Operations 04Assets 01Non-Financial Assets (Capital Expenditure)|- - - - 2,804,510 2,804,510 465,813 465,813|- - - - - - - -||192,937|-|2,406,707 949,187 17,520 1,440,000 1,709,809 1,709,809 37,870 37,870|
2026|15|13|4|Approved Budget 2026|https://www.mufuliracouncil.gov.zm/wp-content/uploads/2026/08/Mufulira-2026-OBB-Budget-17.12.2025.pdf|||||192,937|-||
2026|15|13|5|Approved Budget 2026|https://www.mufuliracouncil.gov.zm/wp-content/uploads/2026/08/Mufulira-2026-OBB-Budget-17.12.2025.pdf|||||-|-||
2026|15|13|6|Approved Budget 2026|https://www.mufuliracouncil.gov.zm/wp-content/uploads/2026/08/Mufulira-2026-OBB-Budget-17.12.2025.pdf|||||-|-||
2026|15|13|7|Approved Budget 2026|https://www.mufuliracouncil.gov.zm/wp-content/uploads/2026/08/Mufulira-2026-OBB-Budget-17.12.2025.pdf|||||1,193,858|-||
2026|15|13|8|Approved Budget 2026|https://www.mufuliracouncil.gov.zm/wp-content/uploads/2026/08/Mufulira-2026-OBB-Budget-17.12.2025.pdf|||||1,193,858|-||
2026|15|13|9|Approved Budget 2026|https://www.mufuliracouncil.gov.zm/wp-content/uploads/2026/08/Mufulira-2026-OBB-Budget-17.12.2025.pdf|||||-|-||
2026|15|13|10|Approved Budget 2026|https://www.mufuliracouncil.gov.zm/wp-content/uploads/2026/08/Mufulira-2026-OBB-Budget-17.12.2025.pdf|||||-|-||
2026|15|13|11|Approved Budget 2026|https://www.mufuliracouncil.gov.zm/wp-content/uploads/2026/08/Mufulira-2026-OBB-Budget-17.12.2025.pdf|Programme Total|3,270,323|(0)||1,386,795|(0)|4,154,386|
2026|15|14|1|Approved Budget 2026|https://www.mufuliracouncil.gov.zm/wp-content/uploads/2026/08/Mufulira-2026-OBB-Budget-17.12.2025.pdf|PROGRAMME/SUBPROGRAMME|2024 BUDGET||2025 BUDGET|||2026 BUDGET|
2026|15|14|2|Approved Budget 2026|https://www.mufuliracouncil.gov.zm/wp-content/uploads/2026/08/Mufulira-2026-OBB-Budget-17.12.2025.pdf||Approved|Expendit ure|Approved||Expendit ure*|Estimates|
2026|15|14|3|Approved Budget 2026|https://www.mufuliracouncil.gov.zm/wp-content/uploads/2026/08/Mufulira-2026-OBB-Budget-17.12.2025.pdf|2 Local Governance 040Local Election 044Legislative Function 045Citizen Engagement|3,270,323 - 3,270,323 (0)|(0) (0) (0)|1,386,795 744,330 600,465 42,000||(0) (0) (0)|4,154,386 1,861,792 1,480,894 811,700|
2026|15|14|4|Approved Budget 2026|https://www.mufuliracouncil.gov.zm/wp-content/uploads/2026/08/Mufulira-2026-OBB-Budget-17.12.2025.pdf|Programme Total|3,270,323|(0)|1,386,79|5|(0)|4,41,5145,43,83686|
2026|16|15|1|Approved Budget 2026|https://www.mufuliracouncil.gov.zm/wp-content/uploads/2026/08/Mufulira-2026-OBB-Budget-17.12.2025.pdf|Key Output and Output Indicator|2024||2025||2026||
2026|16|15|2|Approved Budget 2026|https://www.mufuliracouncil.gov.zm/wp-content/uploads/2026/08/Mufulira-2026-OBB-Budget-17.12.2025.pdf||Target|Actual|Target|Actual*|Target||
2026|16|15|3|Approved Budget 2026|https://www.mufuliracouncil.gov.zm/wp-content/uploads/2026/08/Mufulira-2026-OBB-Budget-17.12.2025.pdf|Ward Development Committees Operationalised 01 Number of ward development committees operationalised|(0)|(0)|30|30|30||
2026|16|15|4|Approved Budget 2026|https://www.mufuliracouncil.gov.zm/wp-content/uploads/2026/08/Mufulira-2026-OBB-Budget-17.12.2025.pdf|Council Committee Meetings Held 01 Nummber of ordinary council meetings held 02 Number of special council meetings held 03 Number of standing committee meetings held|- (0) (0)|(0) (0) (0)|4 2 18|4 2 17|4 2 18||
2026|16|15|5|Approved Budget 2026|https://www.mufuliracouncil.gov.zm/wp-content/uploads/2026/08/Mufulira-2026-OBB-Budget-17.12.2025.pdf|Citizen Engagement Programmes Conducted 01 Number of radio programs broadcasted|-|(0)|12|5|6||
2026|17|16|1|Approved Budget 2026|https://www.mufuliracouncil.gov.zm/wp-content/uploads/2026/08/Mufulira-2026-OBB-Budget-17.12.2025.pdf|ECONOMIC CLASSIFICATION|2024 BUDGET|||2025 BUDGET||2026 BUDGET|
2026|17|16|2|Approved Budget 2026|https://www.mufuliracouncil.gov.zm/wp-content/uploads/2026/08/Mufulira-2026-OBB-Budget-17.12.2025.pdf||Approved|Expendit ure||Approved|Expendit ure*|Estimates|
2026|17|16|3|Approved Budget 2026|https://www.mufuliracouncil.gov.zm/wp-content/uploads/2026/08/Mufulira-2026-OBB-Budget-17.12.2025.pdf|01Personal Emoluments 01Salaries and Wages 02Use of Goods and Services 02General Operations 04Assets 01Non-Financial Assets (Capital Expenditure)|- - 66,890 66,890 - -|- - - - - -||728,833|-|2,525,277 2,525,277 667,229 667,229 381,025 381,025|
2026|17|16|4|Approved Budget 2026|https://www.mufuliracouncil.gov.zm/wp-content/uploads/2026/08/Mufulira-2026-OBB-Budget-17.12.2025.pdf|||||728,833|-||
2026|17|16|5|Approved Budget 2026|https://www.mufuliracouncil.gov.zm/wp-content/uploads/2026/08/Mufulira-2026-OBB-Budget-17.12.2025.pdf|||||1,046,571|-||
2026|17|16|6|Approved Budget 2026|https://www.mufuliracouncil.gov.zm/wp-content/uploads/2026/08/Mufulira-2026-OBB-Budget-17.12.2025.pdf|||||1,046,571|-||
2026|17|16|7|Approved Budget 2026|https://www.mufuliracouncil.gov.zm/wp-content/uploads/2026/08/Mufulira-2026-OBB-Budget-17.12.2025.pdf|||||1,300|-||
2026|17|16|8|Approved Budget 2026|https://www.mufuliracouncil.gov.zm/wp-content/uploads/2026/08/Mufulira-2026-OBB-Budget-17.12.2025.pdf|||||1,300|-||
2026|17|16|9|Approved Budget 2026|https://www.mufuliracouncil.gov.zm/wp-content/uploads/2026/08/Mufulira-2026-OBB-Budget-17.12.2025.pdf|Programme Total|66,890|(0)||1,776,704|(0)|3,573,531|
2026|17|17|1|Approved Budget 2026|https://www.mufuliracouncil.gov.zm/wp-content/uploads/2026/08/Mufulira-2026-OBB-Budget-17.12.2025.pdf|PROGRAMME/SUBPROGRAMME|2024 BUDGET||2025 BUDGET|||2026 BUDGET|
2026|17|17|2|Approved Budget 2026|https://www.mufuliracouncil.gov.zm/wp-content/uploads/2026/08/Mufulira-2026-OBB-Budget-17.12.2025.pdf||Approved|Expendit ure|Approved||Expendit ure*|Estimates|
2026|17|17|3|Approved Budget 2026|https://www.mufuliracouncil.gov.zm/wp-content/uploads/2026/08/Mufulira-2026-OBB-Budget-17.12.2025.pdf|3 Integrated Development Planning 006Environmental Planning 021Spatial Planning 033Socio Economic Planning|66,890 (0) 66,890 -|(0) (0) (0)|1,776,704 58,650 929,032 789,022||(0) (0) (0)|3,573,531 363,452 2,195,016 1,015,063|
2026|17|17|4|Approved Budget 2026|https://www.mufuliracouncil.gov.zm/wp-content/uploads/2026/08/Mufulira-2026-OBB-Budget-17.12.2025.pdf|Programme Total|66,890|(0)|1,776,70|4|(0)|3,35,7537,35,35131|
2026|18|18|1|Approved Budget 2026|https://www.mufuliracouncil.gov.zm/wp-content/uploads/2026/08/Mufulira-2026-OBB-Budget-17.12.2025.pdf|Key Output and Output Indicator|2024||2025||2026||
2026|18|18|2|Approved Budget 2026|https://www.mufuliracouncil.gov.zm/wp-content/uploads/2026/08/Mufulira-2026-OBB-Budget-17.12.2025.pdf||Target|Actual|Target|Actual*|Target||
2026|18|18|3|Approved Budget 2026|https://www.mufuliracouncil.gov.zm/wp-content/uploads/2026/08/Mufulira-2026-OBB-Budget-17.12.2025.pdf|Local Area Plan Developed 01 Number of local area plan developed|(0)|(0)|1|1|1||
2026|18|18|4|Approved Budget 2026|https://www.mufuliracouncil.gov.zm/wp-content/uploads/2026/08/Mufulira-2026-OBB-Budget-17.12.2025.pdf|Land Auditing Conducted 01 Number of areas audited|(0)|(0)|3|2|2||
2026|18|18|5|Approved Budget 2026|https://www.mufuliracouncil.gov.zm/wp-content/uploads/2026/08/Mufulira-2026-OBB-Budget-17.12.2025.pdf|Properties Regularized 01 Number of properties regularized|(0)|(0)|51|47|50||
2026|18|18|6|Approved Budget 2026|https://www.mufuliracouncil.gov.zm/wp-content/uploads/2026/08/Mufulira-2026-OBB-Budget-17.12.2025.pdf|Plots Beaconed 01 Number of plots beaconed 02 Number of beacons verified and replaced|(0) (0)|(0) (0)|117 100|115 91|112 112||
2026|18|18|7|Approved Budget 2026|https://www.mufuliracouncil.gov.zm/wp-content/uploads/2026/08/Mufulira-2026-OBB-Budget-17.12.2025.pdf|District Development Coordinating Committee Meetings Held 01 Number of district development coordinating ccommittee meetings held|(0)|(0)|4|1|4||
2026|18|18|8|Approved Budget 2026|https://www.mufuliracouncil.gov.zm/wp-content/uploads/2026/08/Mufulira-2026-OBB-Budget-17.12.2025.pdf|Revew of Gender Workplace Policy 01 Number of gender workplace policy review meetings conducted|(0)|(0)|1|1|1||
2026|18|18|9|Approved Budget 2026|https://www.mufuliracouncil.gov.zm/wp-content/uploads/2026/08/Mufulira-2026-OBB-Budget-17.12.2025.pdf|Ward Development Committee Operations Monitored 01 Number of WDC monitoring visits conducted|(0)|(0)|30|30|30||
2026|18|18|10|Approved Budget 2026|https://www.mufuliracouncil.gov.zm/wp-content/uploads/2026/08/Mufulira-2026-OBB-Budget-17.12.2025.pdf|HIV/AIDS Activities Coordinated and Supported 01 Number of events commemorated 02 Number of condoms collected and distributed 03 Number of IEC materials collected and distributed|(0) (0) (0)|(0) (0) (0)|4 300,000 300|4 260,292 500|4 300,000 300||
2026|18|18|11|Approved Budget 2026|https://www.mufuliracouncil.gov.zm/wp-content/uploads/2026/08/Mufulira-2026-OBB-Budget-17.12.2025.pdf|(cid:9)IDP Performance Review Conducted 01 Number of IDP performance review meetings conducted|(0)|(0)|1|1|1||
2026|18|18|12|Approved Budget 2026|https://www.mufuliracouncil.gov.zm/wp-content/uploads/2026/08/Mufulira-2026-OBB-Budget-17.12.2025.pdf|Environmental Compliance Assessments and Inspections Conducted 01 Number of environmental assessments conducted 02 Number of environmental compliance inspections conducted|(0) (0)|(0) (0)|12 4|8 2|12 4||
2026|19|19|1|Approved Budget 2026|https://www.mufuliracouncil.gov.zm/wp-content/uploads/2026/08/Mufulira-2026-OBB-Budget-17.12.2025.pdf|ECONOMIC CLASSIFICATION|2024 BUDGET|||2025 BUDGET||2026 BUDGET|
2026|19|19|2|Approved Budget 2026|https://www.mufuliracouncil.gov.zm/wp-content/uploads/2026/08/Mufulira-2026-OBB-Budget-17.12.2025.pdf||Approved|Expendit ure||Approved|Expendit ure*|Estimates|
2026|19|19|3|Approved Budget 2026|https://www.mufuliracouncil.gov.zm/wp-content/uploads/2026/08/Mufulira-2026-OBB-Budget-17.12.2025.pdf|01Personal Emoluments 01Salaries and Wages 02Use of Goods and Services 02General Operations 04Assets 01Non-Financial Assets (Capital Expenditure)|- - - - - -|- - - - - -||-|-|735,307 735,307 394,540 394,540 741,000 741,000|
2026|19|19|4|Approved Budget 2026|https://www.mufuliracouncil.gov.zm/wp-content/uploads/2026/08/Mufulira-2026-OBB-Budget-17.12.2025.pdf|||||-|-||
2026|19|19|5|Approved Budget 2026|https://www.mufuliracouncil.gov.zm/wp-content/uploads/2026/08/Mufulira-2026-OBB-Budget-17.12.2025.pdf|||||88,200|-||
2026|19|19|6|Approved Budget 2026|https://www.mufuliracouncil.gov.zm/wp-content/uploads/2026/08/Mufulira-2026-OBB-Budget-17.12.2025.pdf|||||88,200|-||
2026|19|19|7|Approved Budget 2026|https://www.mufuliracouncil.gov.zm/wp-content/uploads/2026/08/Mufulira-2026-OBB-Budget-17.12.2025.pdf|||||53,600|-||
2026|19|19|8|Approved Budget 2026|https://www.mufuliracouncil.gov.zm/wp-content/uploads/2026/08/Mufulira-2026-OBB-Budget-17.12.2025.pdf|||||53,600|-||
2026|19|19|9|Approved Budget 2026|https://www.mufuliracouncil.gov.zm/wp-content/uploads/2026/08/Mufulira-2026-OBB-Budget-17.12.2025.pdf|Programme Total|-|(0)||141,800|(0)|1,870,847|
2026|19|20|1|Approved Budget 2026|https://www.mufuliracouncil.gov.zm/wp-content/uploads/2026/08/Mufulira-2026-OBB-Budget-17.12.2025.pdf|PROGRAMME/SUBPROGRAMME|2024 BUDGET||2025 BUDGET|||2026 BUDGET|
2026|19|20|2|Approved Budget 2026|https://www.mufuliracouncil.gov.zm/wp-content/uploads/2026/08/Mufulira-2026-OBB-Budget-17.12.2025.pdf||Approved|Expendit ure|Approved||Expendit ure*|Estimates|
2026|19|20|3|Approved Budget 2026|https://www.mufuliracouncil.gov.zm/wp-content/uploads/2026/08/Mufulira-2026-OBB-Budget-17.12.2025.pdf|4 Economic and Business Development 038Trade Facilitation and Licensing 039Economic and Business Development|- - (0)|(0) (0)|141,800 141,800 -||(0) (0)|1,870,847 538,933 1,331,913|
2026|19|20|4|Approved Budget 2026|https://www.mufuliracouncil.gov.zm/wp-content/uploads/2026/08/Mufulira-2026-OBB-Budget-17.12.2025.pdf|Programme Total|-|(0)|141,80|0|(0)|1,18,7807,08,48747|
2026|20|21|1|Approved Budget 2026|https://www.mufuliracouncil.gov.zm/wp-content/uploads/2026/08/Mufulira-2026-OBB-Budget-17.12.2025.pdf|Key Output and Output Indicator|2024||2025||2026||
2026|20|21|2|Approved Budget 2026|https://www.mufuliracouncil.gov.zm/wp-content/uploads/2026/08/Mufulira-2026-OBB-Budget-17.12.2025.pdf||Target|Actual|Target|Actual*|Target||
2026|20|21|3|Approved Budget 2026|https://www.mufuliracouncil.gov.zm/wp-content/uploads/2026/08/Mufulira-2026-OBB-Budget-17.12.2025.pdf|Council Commercial ventures revamped 01 Number of Council Commercial ventures revamped|(0)|(0)|(0)|(0)|1||
2026|20|21|4|Approved Budget 2026|https://www.mufuliracouncil.gov.zm/wp-content/uploads/2026/08/Mufulira-2026-OBB-Budget-17.12.2025.pdf|Businesses Registered 01 Number of business levy certificates issued|(0)|(0)|1,722|1,400|1,400||
2026|21|22|1|Approved Budget 2026|https://www.mufuliracouncil.gov.zm/wp-content/uploads/2026/08/Mufulira-2026-OBB-Budget-17.12.2025.pdf|ECONOMIC CLASSIFICATION|2024 BUDGET|||2025 BUDGET||2026 BUDGET|
2026|21|22|2|Approved Budget 2026|https://www.mufuliracouncil.gov.zm/wp-content/uploads/2026/08/Mufulira-2026-OBB-Budget-17.12.2025.pdf||Approved|Expendit ure||Approved|Expendit ure*|Estimates|
2026|21|22|3|Approved Budget 2026|https://www.mufuliracouncil.gov.zm/wp-content/uploads/2026/08/Mufulira-2026-OBB-Budget-17.12.2025.pdf|01Personal Emoluments 01Salaries and Wages 02Use of Goods and Services 02General Operations 04Assets 01Non-Financial Assets (Capital Expenditure)|- - 3,000,391 3,000,391 117,950 117,950|- - - - - -||789,043|-|2,797,254 2,797,254 1,913,120 1,913,120 859,087 859,087|
2026|21|22|4|Approved Budget 2026|https://www.mufuliracouncil.gov.zm/wp-content/uploads/2026/08/Mufulira-2026-OBB-Budget-17.12.2025.pdf|||||789,043|-||
2026|21|22|5|Approved Budget 2026|https://www.mufuliracouncil.gov.zm/wp-content/uploads/2026/08/Mufulira-2026-OBB-Budget-17.12.2025.pdf|||||1,489,479|-||
2026|21|22|6|Approved Budget 2026|https://www.mufuliracouncil.gov.zm/wp-content/uploads/2026/08/Mufulira-2026-OBB-Budget-17.12.2025.pdf|||||1,489,479|-||
2026|21|22|7|Approved Budget 2026|https://www.mufuliracouncil.gov.zm/wp-content/uploads/2026/08/Mufulira-2026-OBB-Budget-17.12.2025.pdf|||||470,000|-||
2026|21|22|8|Approved Budget 2026|https://www.mufuliracouncil.gov.zm/wp-content/uploads/2026/08/Mufulira-2026-OBB-Budget-17.12.2025.pdf|||||470,000|-||
2026|21|22|9|Approved Budget 2026|https://www.mufuliracouncil.gov.zm/wp-content/uploads/2026/08/Mufulira-2026-OBB-Budget-17.12.2025.pdf|Programme Total|3,118,341|(0)||2,748,521|(0)|5,569,461|
2026|21|23|1|Approved Budget 2026|https://www.mufuliracouncil.gov.zm/wp-content/uploads/2026/08/Mufulira-2026-OBB-Budget-17.12.2025.pdf|PROGRAMME/SUBPROGRAMME|2024 BUDGET||2025 BUDGET|||2026 BUDGET|
2026|21|23|2|Approved Budget 2026|https://www.mufuliracouncil.gov.zm/wp-content/uploads/2026/08/Mufulira-2026-OBB-Budget-17.12.2025.pdf||Approved|Expendit ure|Approved||Expendit ure*|Estimates|
2026|21|23|3|Approved Budget 2026|https://www.mufuliracouncil.gov.zm/wp-content/uploads/2026/08/Mufulira-2026-OBB-Budget-17.12.2025.pdf|5 Public Health and Environmental Protection 015Cemetery and Funeral Services 019Health Inspections 023Pest Control 027Solid Waste Management|3,118,341 143,050 2,975,291 (0) (0)|(0) (0) (0) (0)|2,748,521 298,314 1,064,933 - 1,385,275||(0) (0) (0) (0)|5,569,461 961,631 1,648,547 588,660 2,370,623|
2026|21|23|4|Approved Budget 2026|https://www.mufuliracouncil.gov.zm/wp-content/uploads/2026/08/Mufulira-2026-OBB-Budget-17.12.2025.pdf|Programme Total|3,118,341|(0)|2,748,52|1|(0)|5,55,6596,94,64161|
2026|22|24|1|Approved Budget 2026|https://www.mufuliracouncil.gov.zm/wp-content/uploads/2026/08/Mufulira-2026-OBB-Budget-17.12.2025.pdf|Key Output and Output Indicator|2024||2025||2026||
2026|22|24|2|Approved Budget 2026|https://www.mufuliracouncil.gov.zm/wp-content/uploads/2026/08/Mufulira-2026-OBB-Budget-17.12.2025.pdf||Target|Actual|Target|Actual*|Target||
2026|22|24|3|Approved Budget 2026|https://www.mufuliracouncil.gov.zm/wp-content/uploads/2026/08/Mufulira-2026-OBB-Budget-17.12.2025.pdf|Solid Waste Collected 01 Tonnage of solid waste collected 02 Number of dumpsites well maintained|(0) (0)|(0) (0)|20,000 1|16,581 1|20,000 1||
2026|22|24|4|Approved Budget 2026|https://www.mufuliracouncil.gov.zm/wp-content/uploads/2026/08/Mufulira-2026-OBB-Budget-17.12.2025.pdf|Cemeteries Maintained 01 Number of cemeteries maintained 02 Percentage of unclaimed bodies disposed off|(0) (0)|(0) (0)|5 100|5 100|4 100||
2026|22|24|5|Approved Budget 2026|https://www.mufuliracouncil.gov.zm/wp-content/uploads/2026/08/Mufulira-2026-OBB-Budget-17.12.2025.pdf|Health and Safety of Humans Environment Improved 01 Number of events commemorated|(0)|(0)|6|6|6||
2026|22|24|6|Approved Budget 2026|https://www.mufuliracouncil.gov.zm/wp-content/uploads/2026/08/Mufulira-2026-OBB-Budget-17.12.2025.pdf|Dogs Registered 01 Number of dogs registered|(0)|(0)|200|122|200||
2026|23|25|1|Approved Budget 2026|https://www.mufuliracouncil.gov.zm/wp-content/uploads/2026/08/Mufulira-2026-OBB-Budget-17.12.2025.pdf|ECONOMIC CLASSIFICATION|2024 BUDGET||||2025 BUDGET||2026 BUDGET
2026|23|25|2|Approved Budget 2026|https://www.mufuliracouncil.gov.zm/wp-content/uploads/2026/08/Mufulira-2026-OBB-Budget-17.12.2025.pdf||Approved|Expendit ure|||Approved|Expendit ure*|Estimates
2026|23|25|3|Approved Budget 2026|https://www.mufuliracouncil.gov.zm/wp-content/uploads/2026/08/Mufulira-2026-OBB-Budget-17.12.2025.pdf|01Personal Emoluments 01Salaries and Wages 02Use of Goods and Services 02General Operations 04Assets 01Non-Financial Assets (Capital Expenditure)|5,629,740 5,629,740 3,924,100 3,924,100 102,840 102,840|- - - - - -|||4,805,149|-|6,170,292 6,170,292 7,949,362 7,949,362 1,702,602 1,702,602
2026|23|25|4|Approved Budget 2026|https://www.mufuliracouncil.gov.zm/wp-content/uploads/2026/08/Mufulira-2026-OBB-Budget-17.12.2025.pdf||||||4,805,149|-|
2026|23|25|5|Approved Budget 2026|https://www.mufuliracouncil.gov.zm/wp-content/uploads/2026/08/Mufulira-2026-OBB-Budget-17.12.2025.pdf||||||8,169,234|-|
2026|23|25|6|Approved Budget 2026|https://www.mufuliracouncil.gov.zm/wp-content/uploads/2026/08/Mufulira-2026-OBB-Budget-17.12.2025.pdf||||||8,169,234|-|
2026|23|25|7|Approved Budget 2026|https://www.mufuliracouncil.gov.zm/wp-content/uploads/2026/08/Mufulira-2026-OBB-Budget-17.12.2025.pdf||||||330,385|-|
2026|23|25|8|Approved Budget 2026|https://www.mufuliracouncil.gov.zm/wp-content/uploads/2026/08/Mufulira-2026-OBB-Budget-17.12.2025.pdf||||||330,385|-|
2026|23|25|9|Approved Budget 2026|https://www.mufuliracouncil.gov.zm/wp-content/uploads/2026/08/Mufulira-2026-OBB-Budget-17.12.2025.pdf|Programme Total|9,656,680|(0)|||13,304,768|(0)|15,822,256
2026|24|26|1|Approved Budget 2026|https://www.mufuliracouncil.gov.zm/wp-content/uploads/2026/08/Mufulira-2026-OBB-Budget-17.12.2025.pdf|PROGRAMME/SUBPROGRAMME|2024 BUDGET||2025 BUDGET|||2026 BUDGET|
2026|24|26|2|Approved Budget 2026|https://www.mufuliracouncil.gov.zm/wp-content/uploads/2026/08/Mufulira-2026-OBB-Budget-17.12.2025.pdf||Approved|Expendit ure|Approved||Expendit ure*|Estimates|
2026|24|26|3|Approved Budget 2026|https://www.mufuliracouncil.gov.zm/wp-content/uploads/2026/08/Mufulira-2026-OBB-Budget-17.12.2025.pdf|6 Housing and Community Amenities 001General Adminstration 007Parks and Gardens 012Markets and Bus Stations 017Settlements 026Public Housing 029Roads and Drainages 031Street Lighting 034Water Supply and Sanitation Services 041Fire Protection Services|9,656,680 (0) 515,950 - - - 6,702,570 813,105 - 1,625,055|(0) (0) (0) (0) (0) (0) (0) (0) (0)|13,304,768 - 503,565 61,680 45,820 1,004,762 5,572,445 384,959 547,715 5,183,822||(0) (0) (0) (0) (0) (0) (0) (0) (0)|15,822,256 562,002 614,445 479,624 881,931 2,443,014 6,068,879 1,362,108 248,737 3,161,518|
2026|24|26|4|Approved Budget 2026|https://www.mufuliracouncil.gov.zm/wp-content/uploads/2026/08/Mufulira-2026-OBB-Budget-17.12.2025.pdf|Programme Total|9,656,680|(0)|13,304,76|8|(0)|1155,8,82222,2,25566|
2026|25|27|1|Approved Budget 2026|https://www.mufuliracouncil.gov.zm/wp-content/uploads/2026/08/Mufulira-2026-OBB-Budget-17.12.2025.pdf|Key Output and Output Indicator|2024||2025||2026||
2026|25|27|2|Approved Budget 2026|https://www.mufuliracouncil.gov.zm/wp-content/uploads/2026/08/Mufulira-2026-OBB-Budget-17.12.2025.pdf||Target|Actual|Target|Actual*|Target||
2026|25|28|1|Approved Budget 2026|https://www.mufuliracouncil.gov.zm/wp-content/uploads/2026/08/Mufulira-2026-OBB-Budget-17.12.2025.pdf|Council Buildings Maintained 01 Number of council buildings maintained|(0)|(0)|7|7|3||
2026|25|28|2|Approved Budget 2026|https://www.mufuliracouncil.gov.zm/wp-content/uploads/2026/08/Mufulira-2026-OBB-Budget-17.12.2025.pdf|Ward Development Funded Projects Implemented 01 Number of ward development funded projects implemented|(0)|(0)|30|30|30||
2026|25|28|3|Approved Budget 2026|https://www.mufuliracouncil.gov.zm/wp-content/uploads/2026/08/Mufulira-2026-OBB-Budget-17.12.2025.pdf|Markets Lighting System Rehabilitated 01 Number of flood lights rehabilitated 02 Number of security lights rehabilitated|(0) (0)|(0) (0)|5 80|4 50|5 80||
2026|25|28|4|Approved Budget 2026|https://www.mufuliracouncil.gov.zm/wp-content/uploads/2026/08/Mufulira-2026-OBB-Budget-17.12.2025.pdf|Bus Station Lighting System Rehabilitated 01 Number of security lights rehabilitated|(0)|(0)|5|5|5||
2026|25|28|5|Approved Budget 2026|https://www.mufuliracouncil.gov.zm/wp-content/uploads/2026/08/Mufulira-2026-OBB-Budget-17.12.2025.pdf|Water Facilities Rehabilitated 01 Number of water facilities rehabilitated 02 Number of events commemorated|(0) (0)|(0) (0)|40 3|34 3|10 3||
2026|25|28|6|Approved Budget 2026|https://www.mufuliracouncil.gov.zm/wp-content/uploads/2026/08/Mufulira-2026-OBB-Budget-17.12.2025.pdf|Fire Safety Inspections Conducted 01 Percentage of fire safety inspections conducted|-|(0)|100|100|100||
2026|25|28|7|Approved Budget 2026|https://www.mufuliracouncil.gov.zm/wp-content/uploads/2026/08/Mufulira-2026-OBB-Budget-17.12.2025.pdf|Market Shelters Rehabilitated 01 Number of market shelters rehabilitated|-|(0)|2|2|1||
2026|25|28|8|Approved Budget 2026|https://www.mufuliracouncil.gov.zm/wp-content/uploads/2026/08/Mufulira-2026-OBB-Budget-17.12.2025.pdf|Settlements Upgraded 01 Number of settlements upgraded|(0)|(0)|1|-|1||
2026|26|29|1|Approved Budget 2026|https://www.mufuliracouncil.gov.zm/wp-content/uploads/2026/08/Mufulira-2026-OBB-Budget-17.12.2025.pdf|ECONOMIC CLASSIFICATION|2024 BUDGET|||2025 BUDGET||2026 BUDGET|
2026|26|29|2|Approved Budget 2026|https://www.mufuliracouncil.gov.zm/wp-content/uploads/2026/08/Mufulira-2026-OBB-Budget-17.12.2025.pdf||Approved|Expendit ure||Approved|Expendit ure*|Estimates|
2026|26|29|3|Approved Budget 2026|https://www.mufuliracouncil.gov.zm/wp-content/uploads/2026/08/Mufulira-2026-OBB-Budget-17.12.2025.pdf|01Personal Emoluments 01Salaries and Wages 02Use of Goods and Services 02General Operations 04Assets 01Non-Financial Assets (Capital Expenditure)|- - 51,338 51,338 17,800 17,800|- - - - - -||1,139,012|-|867,323 867,323 2,316,808 2,316,808 64,655 64,655|
2026|26|29|4|Approved Budget 2026|https://www.mufuliracouncil.gov.zm/wp-content/uploads/2026/08/Mufulira-2026-OBB-Budget-17.12.2025.pdf|||||1,139,012|-||
2026|26|29|5|Approved Budget 2026|https://www.mufuliracouncil.gov.zm/wp-content/uploads/2026/08/Mufulira-2026-OBB-Budget-17.12.2025.pdf|||||2,372,744|-||
2026|26|29|6|Approved Budget 2026|https://www.mufuliracouncil.gov.zm/wp-content/uploads/2026/08/Mufulira-2026-OBB-Budget-17.12.2025.pdf|||||2,372,744|-||
2026|26|29|7|Approved Budget 2026|https://www.mufuliracouncil.gov.zm/wp-content/uploads/2026/08/Mufulira-2026-OBB-Budget-17.12.2025.pdf|||||64,655|-||
2026|26|29|8|Approved Budget 2026|https://www.mufuliracouncil.gov.zm/wp-content/uploads/2026/08/Mufulira-2026-OBB-Budget-17.12.2025.pdf|||||64,655|-||
2026|26|29|9|Approved Budget 2026|https://www.mufuliracouncil.gov.zm/wp-content/uploads/2026/08/Mufulira-2026-OBB-Budget-17.12.2025.pdf|Programme Total|69,138|(0)||3,576,412|(0)|3,248,786|
2026|26|30|1|Approved Budget 2026|https://www.mufuliracouncil.gov.zm/wp-content/uploads/2026/08/Mufulira-2026-OBB-Budget-17.12.2025.pdf|PROGRAMME/SUBPROGRAMME|2024 BUDGET||2025 BUDGET|||2026 BUDGET|
2026|26|30|2|Approved Budget 2026|https://www.mufuliracouncil.gov.zm/wp-content/uploads/2026/08/Mufulira-2026-OBB-Budget-17.12.2025.pdf||Approved|Expendit ure|Approved||Expendit ure*|Estimates|
2026|26|30|3|Approved Budget 2026|https://www.mufuliracouncil.gov.zm/wp-content/uploads/2026/08/Mufulira-2026-OBB-Budget-17.12.2025.pdf|7 Recreation Culture and Religion 001Cultural Affairs 032Registration of Marriages and Deaths 042Sports Promotion|69,138 69,138 - -|(0) (0) (0)|3,576,412 1,049,574 194,184 2,332,654||(0) (0) (0)|3,248,786 862 522,375 2,725,549|
2026|26|30|4|Approved Budget 2026|https://www.mufuliracouncil.gov.zm/wp-content/uploads/2026/08/Mufulira-2026-OBB-Budget-17.12.2025.pdf|Programme Total|69,138|(0)|3,576,41|2|(0)|3,32,4284,87,87686|
2026|27|31|1|Approved Budget 2026|https://www.mufuliracouncil.gov.zm/wp-content/uploads/2026/08/Mufulira-2026-OBB-Budget-17.12.2025.pdf|Key Output and Output Indicator|2024||2025||2026||
2026|27|31|2|Approved Budget 2026|https://www.mufuliracouncil.gov.zm/wp-content/uploads/2026/08/Mufulira-2026-OBB-Budget-17.12.2025.pdf||Target|Actual|Target|Actual*|Target||
2026|27|31|3|Approved Budget 2026|https://www.mufuliracouncil.gov.zm/wp-content/uploads/2026/08/Mufulira-2026-OBB-Budget-17.12.2025.pdf|Inventory of all Cultural Practices in the district maintained 01 Number of Intangible Cultural Heritage Managed|(0)|(0)|1|-|1||
2026|27|31|4|Approved Budget 2026|https://www.mufuliracouncil.gov.zm/wp-content/uploads/2026/08/Mufulira-2026-OBB-Budget-17.12.2025.pdf|Cultural and Creative Industries Developed 01 Number of Cultural and creative industries promoted|(0)|(0)|1|-|1||
2026|27|31|5|Approved Budget 2026|https://www.mufuliracouncil.gov.zm/wp-content/uploads/2026/08/Mufulira-2026-OBB-Budget-17.12.2025.pdf|Marriage Solomnization conducted 01 Percentage of marriages Solominized|(0)|(0)|100|100|100||
2026|27|31|6|Approved Budget 2026|https://www.mufuliracouncil.gov.zm/wp-content/uploads/2026/08/Mufulira-2026-OBB-Budget-17.12.2025.pdf|Community Mobilised In Sports 01 Number of constituencies mobilized in sporting activities 02 Number of community teams participating in organised sporting desciplines|(0) (0)|(0) (0)|3 30|3 30|3 30||
2026|27|31|7|Approved Budget 2026|https://www.mufuliracouncil.gov.zm/wp-content/uploads/2026/08/Mufulira-2026-OBB-Budget-17.12.2025.pdf|Participation of Women In Sports 01 Number of women participating in sports|(0)|(0)|300|600|300||
2026|27|31|8|Approved Budget 2026|https://www.mufuliracouncil.gov.zm/wp-content/uploads/2026/08/Mufulira-2026-OBB-Budget-17.12.2025.pdf|Persons With Disabilities Participating In Sports 01 Number of people with disabilitieres participating in community sports|(0)|(0)|20|-|5||
2026|27|31|9|Approved Budget 2026|https://www.mufuliracouncil.gov.zm/wp-content/uploads/2026/08/Mufulira-2026-OBB-Budget-17.12.2025.pdf|Youth Development Centre maintained 01 Number of youth sports development centre maintained 02 Number of youths utilising the sports development centre|(0) (0)|(0) (0)|1 100|2 150|1 120||
2026|27|31|10|Approved Budget 2026|https://www.mufuliracouncil.gov.zm/wp-content/uploads/2026/08/Mufulira-2026-OBB-Budget-17.12.2025.pdf|Talent Identification Programmes Established 01 Number of programes initiated for talent identification 02 Number of skillful youths identified in initiated sports desciplines|(0) (0)|(0) (0)|1 100|5 150|5 120||
2026|27|31|11|Approved Budget 2026|https://www.mufuliracouncil.gov.zm/wp-content/uploads/2026/08/Mufulira-2026-OBB-Budget-17.12.2025.pdf|Sports Clubs Registered 9109 Number of sports clubs registered|(0)|(0)|6|3|4||
2026|27|32|1|Approved Budget 2026|https://www.mufuliracouncil.gov.zm/wp-content/uploads/2026/08/Mufulira-2026-OBB-Budget-17.12.2025.pdf|Sports and Recreational Tournaments and Events Attended 01 Number of sports disciplines affiliated to appropriate bodies. 02 Number of sports tournaments particpated 03 Number of cultural events participated|(0) (0) (0)|(0) (0) (0)|5 50 2|5 27 1|5 30 1||
2026|28|33|1|Approved Budget 2026|https://www.mufuliracouncil.gov.zm/wp-content/uploads/2026/08/Mufulira-2026-OBB-Budget-17.12.2025.pdf|ECONOMIC CLASSIFICATION|2024 BUDGET|||2025 BUDGET||2026 BUDGET|
2026|28|33|2|Approved Budget 2026|https://www.mufuliracouncil.gov.zm/wp-content/uploads/2026/08/Mufulira-2026-OBB-Budget-17.12.2025.pdf||Approved|Expendit ure||Approved|Expendit ure*|Estimates|
2026|28|33|3|Approved Budget 2026|https://www.mufuliracouncil.gov.zm/wp-content/uploads/2026/08/Mufulira-2026-OBB-Budget-17.12.2025.pdf|01Personal Emoluments 01Salaries and Wages 02Use of Goods and Services 02General Operations 04Assets 01Non-Financial Assets (Capital Expenditure)|- - 197,815 197,815 204,033 204,033|- - - - - -||346,886|-|1,437,534 1,437,534 100,161 100,161|
2026|28|33|4|Approved Budget 2026|https://www.mufuliracouncil.gov.zm/wp-content/uploads/2026/08/Mufulira-2026-OBB-Budget-17.12.2025.pdf|||||346,886|-||
2026|28|33|5|Approved Budget 2026|https://www.mufuliracouncil.gov.zm/wp-content/uploads/2026/08/Mufulira-2026-OBB-Budget-17.12.2025.pdf|||||121,361|-||
2026|28|33|6|Approved Budget 2026|https://www.mufuliracouncil.gov.zm/wp-content/uploads/2026/08/Mufulira-2026-OBB-Budget-17.12.2025.pdf|||||121,361|-||
2026|28|33|7|Approved Budget 2026|https://www.mufuliracouncil.gov.zm/wp-content/uploads/2026/08/Mufulira-2026-OBB-Budget-17.12.2025.pdf|||||-|-||
2026|28|33|8|Approved Budget 2026|https://www.mufuliracouncil.gov.zm/wp-content/uploads/2026/08/Mufulira-2026-OBB-Budget-17.12.2025.pdf|||||-|-||
2026|28|33|9|Approved Budget 2026|https://www.mufuliracouncil.gov.zm/wp-content/uploads/2026/08/Mufulira-2026-OBB-Budget-17.12.2025.pdf|Programme Total|401,848|(0)||468,247|(0)|1,537,695|
2026|28|34|1|Approved Budget 2026|https://www.mufuliracouncil.gov.zm/wp-content/uploads/2026/08/Mufulira-2026-OBB-Budget-17.12.2025.pdf|PROGRAMME/SUBPROGRAMME|2024 BUDGET||2025 BUDGET|||2026 BUDGET|
2026|28|34|2|Approved Budget 2026|https://www.mufuliracouncil.gov.zm/wp-content/uploads/2026/08/Mufulira-2026-OBB-Budget-17.12.2025.pdf||Approved|Expendit ure|Approved||Expendit ure*|Estimates|
2026|28|34|3|Approved Budget 2026|https://www.mufuliracouncil.gov.zm/wp-content/uploads/2026/08/Mufulira-2026-OBB-Budget-17.12.2025.pdf|8 Education and Skills Development 001District archives 010Adult Literacy 039Library Services|401,848 (0) 74,005 327,843|(0) (0) (0)|468,247 19,241 383,646 65,360||(0) (0) (0)|1,537,695 19,241 931,164 587,289|
2026|28|34|4|Approved Budget 2026|https://www.mufuliracouncil.gov.zm/wp-content/uploads/2026/08/Mufulira-2026-OBB-Budget-17.12.2025.pdf|Programme Total|401,848|(0)|468,24|7|(0)|1,15,3573,76,96595|
2026|29|35|1|Approved Budget 2026|https://www.mufuliracouncil.gov.zm/wp-content/uploads/2026/08/Mufulira-2026-OBB-Budget-17.12.2025.pdf|Key Output and Output Indicator|2024||2025||2026||
2026|29|35|2|Approved Budget 2026|https://www.mufuliracouncil.gov.zm/wp-content/uploads/2026/08/Mufulira-2026-OBB-Budget-17.12.2025.pdf||Target|Actual|Target|Actual*|Target||
2026|29|35|3|Approved Budget 2026|https://www.mufuliracouncil.gov.zm/wp-content/uploads/2026/08/Mufulira-2026-OBB-Budget-17.12.2025.pdf|District Departments Surveyed 01 Percentage of departments surveyed|(0)|(0)|100|20|100||
2026|29|35|4|Approved Budget 2026|https://www.mufuliracouncil.gov.zm/wp-content/uploads/2026/08/Mufulira-2026-OBB-Budget-17.12.2025.pdf|Records Collected 01 Percentage of NA 17 boxes collected|(0)|(0)|40|5|40||
2026|29|35|5|Approved Budget 2026|https://www.mufuliracouncil.gov.zm/wp-content/uploads/2026/08/Mufulira-2026-OBB-Budget-17.12.2025.pdf|District Records Processed and Shelved 01 Percentage of NA17 boxes processed and shelved|(0)|(0)|40|5|40||
2026|29|35|6|Approved Budget 2026|https://www.mufuliracouncil.gov.zm/wp-content/uploads/2026/08/Mufulira-2026-OBB-Budget-17.12.2025.pdf|Students Enrolled In Adult Literacy 01 (cid:9)Number of students enrolled in adult literacy programmes 02 Number of women and youth clubs formed and empowered|(0) (0)|(0) (0)|40 20|8 20|40 20||
2026|29|35|7|Approved Budget 2026|https://www.mufuliracouncil.gov.zm/wp-content/uploads/2026/08/Mufulira-2026-OBB-Budget-17.12.2025.pdf|Exchange Visits To Other Councils Conducted 01 Number of exchange visit to other councils|(0)|(0)|1|2|1||
2026|29|35|8|Approved Budget 2026|https://www.mufuliracouncil.gov.zm/wp-content/uploads/2026/08/Mufulira-2026-OBB-Budget-17.12.2025.pdf|Library Usage Enhanced 01 Number of library patrons accessing the library|(0)|(0)|950|896|1,110||
2026|30|36|1|Approved Budget 2026|https://www.mufuliracouncil.gov.zm/wp-content/uploads/2026/08/Mufulira-2026-OBB-Budget-17.12.2025.pdf|ECONOMIC CLASSIFICATION|2024 BUDGET|||2025 BUDGET||2026 BUDGET|
2026|30|36|2|Approved Budget 2026|https://www.mufuliracouncil.gov.zm/wp-content/uploads/2026/08/Mufulira-2026-OBB-Budget-17.12.2025.pdf||Approved|Expendit ure||Approved|Expendit ure*|Estimates|
2026|30|36|3|Approved Budget 2026|https://www.mufuliracouncil.gov.zm/wp-content/uploads/2026/08/Mufulira-2026-OBB-Budget-17.12.2025.pdf|01Personal Emoluments 01Salaries and Wages 02Use of Goods and Services 02General Operations 04Assets 01Non-Financial Assets (Capital Expenditure)|- - 371,880 371,880 - -|- - - - - -||133,698|-|784,370 784,370 217,036 217,036 753,634 753,634|
2026|30|36|4|Approved Budget 2026|https://www.mufuliracouncil.gov.zm/wp-content/uploads/2026/08/Mufulira-2026-OBB-Budget-17.12.2025.pdf|||||133,698|-||
2026|30|36|5|Approved Budget 2026|https://www.mufuliracouncil.gov.zm/wp-content/uploads/2026/08/Mufulira-2026-OBB-Budget-17.12.2025.pdf|||||423,613|-||
2026|30|36|6|Approved Budget 2026|https://www.mufuliracouncil.gov.zm/wp-content/uploads/2026/08/Mufulira-2026-OBB-Budget-17.12.2025.pdf|||||423,613|-||
2026|30|36|7|Approved Budget 2026|https://www.mufuliracouncil.gov.zm/wp-content/uploads/2026/08/Mufulira-2026-OBB-Budget-17.12.2025.pdf|||||-|-||
2026|30|36|8|Approved Budget 2026|https://www.mufuliracouncil.gov.zm/wp-content/uploads/2026/08/Mufulira-2026-OBB-Budget-17.12.2025.pdf|||||-|-||
2026|30|36|9|Approved Budget 2026|https://www.mufuliracouncil.gov.zm/wp-content/uploads/2026/08/Mufulira-2026-OBB-Budget-17.12.2025.pdf|Programme Total|371,880|(0)||557,310|(0)|1,755,039|
2026|30|37|1|Approved Budget 2026|https://www.mufuliracouncil.gov.zm/wp-content/uploads/2026/08/Mufulira-2026-OBB-Budget-17.12.2025.pdf|PROGRAMME/SUBPROGRAMME|2024 BUDGET||2025 BUDGET|||2026 BUDGET|
2026|30|37|2|Approved Budget 2026|https://www.mufuliracouncil.gov.zm/wp-content/uploads/2026/08/Mufulira-2026-OBB-Budget-17.12.2025.pdf||Approved|Expendit ure|Approved||Expendit ure*|Estimates|
2026|30|37|3|Approved Budget 2026|https://www.mufuliracouncil.gov.zm/wp-content/uploads/2026/08/Mufulira-2026-OBB-Budget-17.12.2025.pdf|10 Public Order and Safety 014Building Regulations 018Community Policing|371,880 192,660 179,220|(0) (0)|557,310 264,113 293,198||(0) (0)|1,755,039 596,974 1,158,065|
2026|30|37|4|Approved Budget 2026|https://www.mufuliracouncil.gov.zm/wp-content/uploads/2026/08/Mufulira-2026-OBB-Budget-17.12.2025.pdf|Programme Total|371,880|(0)|557,31|0|(0)|1,17,5755,50,30939|
2026|31|38|1|Approved Budget 2026|https://www.mufuliracouncil.gov.zm/wp-content/uploads/2026/08/Mufulira-2026-OBB-Budget-17.12.2025.pdf|Key Output and Output Indicator|2024||2025||2026||
2026|31|38|2|Approved Budget 2026|https://www.mufuliracouncil.gov.zm/wp-content/uploads/2026/08/Mufulira-2026-OBB-Budget-17.12.2025.pdf||Target|Actual|Target|Actual*|Target||
2026|31|38|3|Approved Budget 2026|https://www.mufuliracouncil.gov.zm/wp-content/uploads/2026/08/Mufulira-2026-OBB-Budget-17.12.2025.pdf|Law and Order Maintained In The District 01 Percentage of routine police patrols conducted|-|(0)|100|100|100||
2026|31|38|4|Approved Budget 2026|https://www.mufuliracouncil.gov.zm/wp-content/uploads/2026/08/Mufulira-2026-OBB-Budget-17.12.2025.pdf|(cid:9)Council Police Officers Trained 02 Number of council police officers trained|(0)|(0)|40|2|2||
2026|31|38|5|Approved Budget 2026|https://www.mufuliracouncil.gov.zm/wp-content/uploads/2026/08/Mufulira-2026-OBB-Budget-17.12.2025.pdf|Buildings Inspections Conducted 01 Number of buildings inspected|-|(0)|468|495|1,200||
2026|31|38|6|Approved Budget 2026|https://www.mufuliracouncil.gov.zm/wp-content/uploads/2026/08/Mufulira-2026-OBB-Budget-17.12.2025.pdf|Building Plans Scrutinized 01 Number of building plans scrutinized|-|(0)|300|291|380||
2026|32|39|1|Approved Budget 2026|https://www.mufuliracouncil.gov.zm/wp-content/uploads/2026/08/Mufulira-2026-OBB-Budget-17.12.2025.pdf|ECONOMIC CLASSIFICATION|2024 BUDGET||||2025 BUDGET||2026 BUDGET
2026|32|39|2|Approved Budget 2026|https://www.mufuliracouncil.gov.zm/wp-content/uploads/2026/08/Mufulira-2026-OBB-Budget-17.12.2025.pdf||Approved|Expendit ure|||Approved|Expendit ure*|Estimates
2026|32|39|3|Approved Budget 2026|https://www.mufuliracouncil.gov.zm/wp-content/uploads/2026/08/Mufulira-2026-OBB-Budget-17.12.2025.pdf|01Personal Emoluments 01Salaries and Wages 02Other Emoluments 03Personnel Related Costs 02Use of Goods and Services 02General Operations 04Assets 01Non-Financial Assets (Capital Expenditure) 05Liabilities 01 Outstanding Bills|23,354,692 23,354,692 - - 8,587,975 8,587,975 2,981,650 2,981,650 4,853,966 4,853,966|- - - - - - - - - -|||21,859,855|-|30,728,707 22,714,018 1,768,900 6,245,789 5,159,502 5,159,502 613,680 613,680 5,262,000 5,262,000
2026|32|39|4|Approved Budget 2026|https://www.mufuliracouncil.gov.zm/wp-content/uploads/2026/08/Mufulira-2026-OBB-Budget-17.12.2025.pdf||||||19,201,176|-|
2026|32|39|5|Approved Budget 2026|https://www.mufuliracouncil.gov.zm/wp-content/uploads/2026/08/Mufulira-2026-OBB-Budget-17.12.2025.pdf||||||255,000|-|
2026|32|39|6|Approved Budget 2026|https://www.mufuliracouncil.gov.zm/wp-content/uploads/2026/08/Mufulira-2026-OBB-Budget-17.12.2025.pdf||||||2,403,679|-|
2026|32|39|7|Approved Budget 2026|https://www.mufuliracouncil.gov.zm/wp-content/uploads/2026/08/Mufulira-2026-OBB-Budget-17.12.2025.pdf||||||11,361,559|-|
2026|32|39|8|Approved Budget 2026|https://www.mufuliracouncil.gov.zm/wp-content/uploads/2026/08/Mufulira-2026-OBB-Budget-17.12.2025.pdf||||||11,361,559|-|
2026|32|39|9|Approved Budget 2026|https://www.mufuliracouncil.gov.zm/wp-content/uploads/2026/08/Mufulira-2026-OBB-Budget-17.12.2025.pdf||||||786,554|-|
2026|32|39|10|Approved Budget 2026|https://www.mufuliracouncil.gov.zm/wp-content/uploads/2026/08/Mufulira-2026-OBB-Budget-17.12.2025.pdf||||||786,554|-|
2026|32|39|11|Approved Budget 2026|https://www.mufuliracouncil.gov.zm/wp-content/uploads/2026/08/Mufulira-2026-OBB-Budget-17.12.2025.pdf||||||18,557,639|-|
2026|32|39|12|Approved Budget 2026|https://www.mufuliracouncil.gov.zm/wp-content/uploads/2026/08/Mufulira-2026-OBB-Budget-17.12.2025.pdf||||||18,557,639|-|
2026|32|39|13|Approved Budget 2026|https://www.mufuliracouncil.gov.zm/wp-content/uploads/2026/08/Mufulira-2026-OBB-Budget-17.12.2025.pdf|Programme Total|39,778,283|(0)|||52,565,607|(0)|41,763,889
2026|33|40|1|Approved Budget 2026|https://www.mufuliracouncil.gov.zm/wp-content/uploads/2026/08/Mufulira-2026-OBB-Budget-17.12.2025.pdf|PROGRAMME/SUBPROGRAMME|2024 BUDGET||2025 BUDGET|||2026 BUDGET|
2026|33|40|2|Approved Budget 2026|https://www.mufuliracouncil.gov.zm/wp-content/uploads/2026/08/Mufulira-2026-OBB-Budget-17.12.2025.pdf||Approved|Expendit ure|Approved||Expendit ure*|Estimates|
2026|33|40|3|Approved Budget 2026|https://www.mufuliracouncil.gov.zm/wp-content/uploads/2026/08/Mufulira-2026-OBB-Budget-17.12.2025.pdf|11 Management and Support Services 001(cid:9)Human Resource and Administration 003Public Relations 009Executive Management 016(cid:9)Procurement 028(cid:9)Auditing 035(cid:9)Accounting 036Legal Services|39,778,283 17,603,565 153,000 7,169,090 2,369,475 2,522,790 8,596,239 1,364,125|(0) (0) (0) (0) (0) (0) (0)|52,565,607 25,635,033 300,120 1,726,122 237,070 365,762 22,573,964 1,727,535||(0) (0) (0) (0) (0) (0) (0)|41,763,889 22,225,557 1,192,046 1,421,143 1,008,273 757,308 13,772,038 1,387,524|
2026|33|40|4|Approved Budget 2026|https://www.mufuliracouncil.gov.zm/wp-content/uploads/2026/08/Mufulira-2026-OBB-Budget-17.12.2025.pdf|Programme Total|39,778,283|(0)|52,565,60|7|(0)|4411,7,76633,8,88899|
2026|34|41|1|Approved Budget 2026|https://www.mufuliracouncil.gov.zm/wp-content/uploads/2026/08/Mufulira-2026-OBB-Budget-17.12.2025.pdf|Key Output and Output Indicator|2024||2025||2026||
2026|34|41|2|Approved Budget 2026|https://www.mufuliracouncil.gov.zm/wp-content/uploads/2026/08/Mufulira-2026-OBB-Budget-17.12.2025.pdf||Target|Actual|Target|Actual*|Target||
2026|34|41|3|Approved Budget 2026|https://www.mufuliracouncil.gov.zm/wp-content/uploads/2026/08/Mufulira-2026-OBB-Budget-17.12.2025.pdf|Risk Management Meetings Conducted 01 Number of risk management meetings held|(0)|(0)|4|3|4||
2026|34|41|4|Approved Budget 2026|https://www.mufuliracouncil.gov.zm/wp-content/uploads/2026/08/Mufulira-2026-OBB-Budget-17.12.2025.pdf|Public Awareness on Services Provided by The Local Authority Conducted 01 Number of stakeholder consultation meetings held|(0)|(0)|1|1|1||
2026|34|41|5|Approved Budget 2026|https://www.mufuliracouncil.gov.zm/wp-content/uploads/2026/08/Mufulira-2026-OBB-Budget-17.12.2025.pdf|National Events Commemorated 01 Number of national events commemorated|(0)|(0)|8|6|8||
2026|34|41|6|Approved Budget 2026|https://www.mufuliracouncil.gov.zm/wp-content/uploads/2026/08/Mufulira-2026-OBB-Budget-17.12.2025.pdf|Financial Reports Prepared 01 Number of annual budget prepared 02 Number of financial reports prepared 03 Number of financial statements prepared 04 Number of Bi-Annual fiscal reports prepared 05 Number of quarterly financial reports|- (0) (0) (0) (0)|(0) (0) (0) (0) (0)|1 1 1 (0) (0)|1 1 1 (0) (0)|1 1 1 2 4||
2026|34|41|7|Approved Budget 2026|https://www.mufuliracouncil.gov.zm/wp-content/uploads/2026/08/Mufulira-2026-OBB-Budget-17.12.2025.pdf|Court Cases and Costs Managed 01 Percentage of court cases adjudicated|100|(0)|100|75|100||
2026|34|41|8|Approved Budget 2026|https://www.mufuliracouncil.gov.zm/wp-content/uploads/2026/08/Mufulira-2026-OBB-Budget-17.12.2025.pdf|News Letters Published 01 Number of news letters published|(0)|(0)|4|3|2||
2026|34|41|9|Approved Budget 2026|https://www.mufuliracouncil.gov.zm/wp-content/uploads/2026/08/Mufulira-2026-OBB-Budget-17.12.2025.pdf|Procurement Plan Developed 01 Number of procurement plan developed|-|(0)|1|1|1||
2026|34|41|10|Approved Budget 2026|https://www.mufuliracouncil.gov.zm/wp-content/uploads/2026/08/Mufulira-2026-OBB-Budget-17.12.2025.pdf|Internal Audit Reports Produced 01 Number of internal audits reports produced|-|(0)|8|6|6||
2026|35|42|1|Approved Budget 2026|https://www.mufuliracouncil.gov.zm/wp-content/uploads/2026/08/Mufulira-2026-OBB-Budget-17.12.2025.pdf|ECONOMIC CLASSIFICATION|2024 BUDGET|||2025 BUDGET||2026 BUDGET|
2026|35|42|2|Approved Budget 2026|https://www.mufuliracouncil.gov.zm/wp-content/uploads/2026/08/Mufulira-2026-OBB-Budget-17.12.2025.pdf||Approved|Expendit ure||Approved|Expendit ure*|Estimates|
2026|35|42|3|Approved Budget 2026|https://www.mufuliracouncil.gov.zm/wp-content/uploads/2026/08/Mufulira-2026-OBB-Budget-17.12.2025.pdf|01Personal Emoluments 01Salaries and Wages 02Use of Goods and Services 02General Operations 04Assets 01Non-Financial Assets (Capital Expenditure)|- - - - - -|- - - - - -||4,030,947|-|5,506,551 5,506,551 1,615,755 1,615,755 1,887,514 1,887,514|
2026|35|42|4|Approved Budget 2026|https://www.mufuliracouncil.gov.zm/wp-content/uploads/2026/08/Mufulira-2026-OBB-Budget-17.12.2025.pdf|||||4,030,947|-||
2026|35|42|5|Approved Budget 2026|https://www.mufuliracouncil.gov.zm/wp-content/uploads/2026/08/Mufulira-2026-OBB-Budget-17.12.2025.pdf|||||4,479,563|-||
2026|35|42|6|Approved Budget 2026|https://www.mufuliracouncil.gov.zm/wp-content/uploads/2026/08/Mufulira-2026-OBB-Budget-17.12.2025.pdf|||||4,479,563|-||
2026|35|42|7|Approved Budget 2026|https://www.mufuliracouncil.gov.zm/wp-content/uploads/2026/08/Mufulira-2026-OBB-Budget-17.12.2025.pdf|||||729,000|-||
2026|35|42|8|Approved Budget 2026|https://www.mufuliracouncil.gov.zm/wp-content/uploads/2026/08/Mufulira-2026-OBB-Budget-17.12.2025.pdf|||||729,000|-||
2026|35|42|9|Approved Budget 2026|https://www.mufuliracouncil.gov.zm/wp-content/uploads/2026/08/Mufulira-2026-OBB-Budget-17.12.2025.pdf|Programme Total|-|(0)||9,239,510|(0)|9,009,821|
2026|35|43|1|Approved Budget 2026|https://www.mufuliracouncil.gov.zm/wp-content/uploads/2026/08/Mufulira-2026-OBB-Budget-17.12.2025.pdf|PROGRAMME/SUBPROGRAMME|2024 BUDGET||2025 BUDGET|||2026 BUDGET|
2026|35|43|2|Approved Budget 2026|https://www.mufuliracouncil.gov.zm/wp-content/uploads/2026/08/Mufulira-2026-OBB-Budget-17.12.2025.pdf||Approved|Expendit ure|Approved||Expendit ure*|Estimates 9,009,821 9,009,821|
2026|35|43|3|Approved Budget 2026|https://www.mufuliracouncil.gov.zm/wp-content/uploads/2026/08/Mufulira-2026-OBB-Budget-17.12.2025.pdf|12 Resource Mobilisation and Management 067Resource Mobilisation and Management|- -|(0)|9,239,510 9,239,510||(0)||
2026|35|43|4|Approved Budget 2026|https://www.mufuliracouncil.gov.zm/wp-content/uploads/2026/08/Mufulira-2026-OBB-Budget-17.12.2025.pdf|Programme Total|-|(0)|9,239,51|0|(0)|9,90,0090,98,28121|
2026|36|44|1|Approved Budget 2026|https://www.mufuliracouncil.gov.zm/wp-content/uploads/2026/08/Mufulira-2026-OBB-Budget-17.12.2025.pdf|Key Output and Output Indicator|2024||2025||2026||
2026|36|44|2|Approved Budget 2026|https://www.mufuliracouncil.gov.zm/wp-content/uploads/2026/08/Mufulira-2026-OBB-Budget-17.12.2025.pdf||Target|Actual|Target|Actual*|Target||
2026|36|44|3|Approved Budget 2026|https://www.mufuliracouncil.gov.zm/wp-content/uploads/2026/08/Mufulira-2026-OBB-Budget-17.12.2025.pdf|Revenue Mobilisation 01 Number of revenue spot checks conducted|(0)|(0)|12|9|12||
2026|36|44|4|Approved Budget 2026|https://www.mufuliracouncil.gov.zm/wp-content/uploads/2026/08/Mufulira-2026-OBB-Budget-17.12.2025.pdf|Annual Valuation Workplan Prepared 01 Number of annual valuation workplans prepared 02 Number of valuation roll conducted|(0) (0)|(0) (0)|1 1|1 1|1 -||
2026|37|45|1|Approved Budget 2026|https://www.mufuliracouncil.gov.zm/wp-content/uploads/2026/08/Mufulira-2026-OBB-Budget-17.12.2025.pdf|ECONOMIC CLASSIFICATION|2024 BUDGET|||2025 BUDGET||2026 BUDGET|
2026|37|45|2|Approved Budget 2026|https://www.mufuliracouncil.gov.zm/wp-content/uploads/2026/08/Mufulira-2026-OBB-Budget-17.12.2025.pdf||Approved|Expendit ure||Approved|Expendit ure*|Estimates|
2026|37|45|3|Approved Budget 2026|https://www.mufuliracouncil.gov.zm/wp-content/uploads/2026/08/Mufulira-2026-OBB-Budget-17.12.2025.pdf|02Use of Goods and Services 02General Operations|97,490 97,490|- -||6,072,245|-|2,814,902 2,814,902|
2026|37|45|4|Approved Budget 2026|https://www.mufuliracouncil.gov.zm/wp-content/uploads/2026/08/Mufulira-2026-OBB-Budget-17.12.2025.pdf|||||6,072,245|-||
2026|37|45|5|Approved Budget 2026|https://www.mufuliracouncil.gov.zm/wp-content/uploads/2026/08/Mufulira-2026-OBB-Budget-17.12.2025.pdf|Programme Total|97,490|(0)||6,072,245|(0)|2,814,902|
2026|37|46|1|Approved Budget 2026|https://www.mufuliracouncil.gov.zm/wp-content/uploads/2026/08/Mufulira-2026-OBB-Budget-17.12.2025.pdf|PROGRAMME/SUBPROGRAMME|2024 BUDGET||2025 BUDGET|||2026 BUDGET|
2026|37|46|2|Approved Budget 2026|https://www.mufuliracouncil.gov.zm/wp-content/uploads/2026/08/Mufulira-2026-OBB-Budget-17.12.2025.pdf||Approved|Expendit ure|Approved||Expendit ure*|Estimates|
2026|37|46|3|Approved Budget 2026|https://www.mufuliracouncil.gov.zm/wp-content/uploads/2026/08/Mufulira-2026-OBB-Budget-17.12.2025.pdf|13 District Health Services 001Primary Health Services 002District Health Coordination 003Hospital Services|97,490 (0) 97,490 (0)|(0) (0) (0)|6,072,245 2,277,240 537,783 3,257,222||(0) (0) (0)|2,814,902 2,277,120 537,782 (0)|
2026|37|46|4|Approved Budget 2026|https://www.mufuliracouncil.gov.zm/wp-content/uploads/2026/08/Mufulira-2026-OBB-Budget-17.12.2025.pdf|Programme Total|97,490|(0)|6,072,24|5|(0)|2,28,1841,49,09202|
2026|38|47|1|Approved Budget 2026|https://www.mufuliracouncil.gov.zm/wp-content/uploads/2026/08/Mufulira-2026-OBB-Budget-17.12.2025.pdf|Key Output and Output Indicator|2024||2025||2026||
2026|38|47|2|Approved Budget 2026|https://www.mufuliracouncil.gov.zm/wp-content/uploads/2026/08/Mufulira-2026-OBB-Budget-17.12.2025.pdf||Target|Actual|Target|Actual*|Target||
2026|38|48|1|Approved Budget 2026|https://www.mufuliracouncil.gov.zm/wp-content/uploads/2026/08/Mufulira-2026-OBB-Budget-17.12.2025.pdf|Child Mortality and Morbidity Reduced 01 Number of malaria case fatality rate under 5 02 Percentage of under one-year children fully immunized 03 Percentage of Children with malaria receiving ACT at community level|- - -|- - -|- 100 100|- 73 100|- 100 100||
2026|38|48|2|Approved Budget 2026|https://www.mufuliracouncil.gov.zm/wp-content/uploads/2026/08/Mufulira-2026-OBB-Budget-17.12.2025.pdf|Communicable Deseases Managed 01 Percentage of TB cases diagnosed and treated among all incident TB cases 02 Number of ITNs distributed 03 Number of IRS households sprayed 04 Percentage of HIV positive adults receiving ART|- - - -|- - - -|100 136,789 41,000 100|98 156,709 - 98|100 136,781 41,000 100||
2026|38|48|3|Approved Budget 2026|https://www.mufuliracouncil.gov.zm/wp-content/uploads/2026/08/Mufulira-2026-OBB-Budget-17.12.2025.pdf|Disease Surveilance and Epidemic Management Conducted 01 Percentage of reported notifiable cases followed-up/total notifiable cases|-|-|100|100|100||
2026|38|48|4|Approved Budget 2026|https://www.mufuliracouncil.gov.zm/wp-content/uploads/2026/08/Mufulira-2026-OBB-Budget-17.12.2025.pdf|HIV Positive Clients Put On ART Treatment 01 Percentage of clients put on ART 02 Number of health promotions and education services conducted|(0) (0)|(0) (0)|100 52|100 40|100 58||
2026|38|48|5|Approved Budget 2026|https://www.mufuliracouncil.gov.zm/wp-content/uploads/2026/08/Mufulira-2026-OBB-Budget-17.12.2025.pdf|Health Facilities Provided With Technical Support 01 Number of TS reports produced 02 Number of planning meetings conducted|- (0)|- (0)|12 4|9 3|12 4||
2026|38|48|6|Approved Budget 2026|https://www.mufuliracouncil.gov.zm/wp-content/uploads/2026/08/Mufulira-2026-OBB-Budget-17.12.2025.pdf|Hospital Adminstration Provided 01 Number of hospital administration reports|(0)|(0)|2|1|-||
2026|39|49|1|Approved Budget 2026|https://www.mufuliracouncil.gov.zm/wp-content/uploads/2026/08/Mufulira-2026-OBB-Budget-17.12.2025.pdf|ECONOMIC CLASSIFICATION|2024 BUDGET|||2025 BUDGET||2026 BUDGET|
2026|39|49|2|Approved Budget 2026|https://www.mufuliracouncil.gov.zm/wp-content/uploads/2026/08/Mufulira-2026-OBB-Budget-17.12.2025.pdf||Approved|Expendit ure||Approved|Expendit ure*|Estimates|
2026|39|49|3|Approved Budget 2026|https://www.mufuliracouncil.gov.zm/wp-content/uploads/2026/08/Mufulira-2026-OBB-Budget-17.12.2025.pdf|04Assets 01Non-Financial Assets (Capital Expenditure)|- -|- -||3,200,587|-|3,200,587 3,200,587|
2026|39|49|4|Approved Budget 2026|https://www.mufuliracouncil.gov.zm/wp-content/uploads/2026/08/Mufulira-2026-OBB-Budget-17.12.2025.pdf|||||3,200,587|-||
2026|39|49|5|Approved Budget 2026|https://www.mufuliracouncil.gov.zm/wp-content/uploads/2026/08/Mufulira-2026-OBB-Budget-17.12.2025.pdf|Programme Total|(0)|(0)||3,200,587|(0)|3,200,587|
2026|39|50|1|Approved Budget 2026|https://www.mufuliracouncil.gov.zm/wp-content/uploads/2026/08/Mufulira-2026-OBB-Budget-17.12.2025.pdf|PROGRAMME/SUBPROGRAMME|2024 BUDGET||2025 BUDGET|||2026 BUDGET|
2026|39|50|2|Approved Budget 2026|https://www.mufuliracouncil.gov.zm/wp-content/uploads/2026/08/Mufulira-2026-OBB-Budget-17.12.2025.pdf||Approved|Expendit ure|Approved||Expendit ure*|Estimates|
2026|39|50|3|Approved Budget 2026|https://www.mufuliracouncil.gov.zm/wp-content/uploads/2026/08/Mufulira-2026-OBB-Budget-17.12.2025.pdf|15 Transport Services 001Road Transport|(0) (0)|(0)|3,200,587 3,200,587||(0)|3,200,587 3,200,587|
2026|39|50|4|Approved Budget 2026|https://www.mufuliracouncil.gov.zm/wp-content/uploads/2026/08/Mufulira-2026-OBB-Budget-17.12.2025.pdf|Programme Total|(0)|(0)|3,200,58|7|(0)|3,32,0200,05,85787|
2026|40|51|1|Approved Budget 2026|https://www.mufuliracouncil.gov.zm/wp-content/uploads/2026/08/Mufulira-2026-OBB-Budget-17.12.2025.pdf|Key Output and Output Indicator|2024||2025||2026||
2026|40|51|2|Approved Budget 2026|https://www.mufuliracouncil.gov.zm/wp-content/uploads/2026/08/Mufulira-2026-OBB-Budget-17.12.2025.pdf||Target|Actual|Target|Actual*|Target||
2026|40|51|3|Approved Budget 2026|https://www.mufuliracouncil.gov.zm/wp-content/uploads/2026/08/Mufulira-2026-OBB-Budget-17.12.2025.pdf|Township Roads Rehabilitated 01 Squaremeters of township roads potholes patched|-|(0)|350|356|350||
2026|40|51|4|Approved Budget 2026|https://www.mufuliracouncil.gov.zm/wp-content/uploads/2026/08/Mufulira-2026-OBB-Budget-17.12.2025.pdf|Solar Street Lights Installed 01 Number of solar street lights installed|(0)|(0)|20|13|20||
2026|40|51|5|Approved Budget 2026|https://www.mufuliracouncil.gov.zm/wp-content/uploads/2026/08/Mufulira-2026-OBB-Budget-17.12.2025.pdf|Drainage Rehabilitated 01 Kilometers of drainages rehabilited|(0)|(0)|5|7|7||
2026|41|52|1|Approved Budget 2026|https://www.mufuliracouncil.gov.zm/wp-content/uploads/2026/08/Mufulira-2026-OBB-Budget-17.12.2025.pdf|ECONOMIC CLASSIFICATION|2024 BUDGET|||2025 BUDGET||2026 BUDGET|
2026|41|52|2|Approved Budget 2026|https://www.mufuliracouncil.gov.zm/wp-content/uploads/2026/08/Mufulira-2026-OBB-Budget-17.12.2025.pdf||Approved|Expendit ure||Approved|Expendit ure*|Estimates|
2026|41|52|3|Approved Budget 2026|https://www.mufuliracouncil.gov.zm/wp-content/uploads/2026/08/Mufulira-2026-OBB-Budget-17.12.2025.pdf|02Use of Goods and Services 02General Operations|- -|- -||520,000|-|512,000 512,000|
2026|41|52|4|Approved Budget 2026|https://www.mufuliracouncil.gov.zm/wp-content/uploads/2026/08/Mufulira-2026-OBB-Budget-17.12.2025.pdf|||||520,000|-||
2026|41|52|5|Approved Budget 2026|https://www.mufuliracouncil.gov.zm/wp-content/uploads/2026/08/Mufulira-2026-OBB-Budget-17.12.2025.pdf|Programme Total|(0)|(0)||520,000|(0)|512,000|
2026|41|53|1|Approved Budget 2026|https://www.mufuliracouncil.gov.zm/wp-content/uploads/2026/08/Mufulira-2026-OBB-Budget-17.12.2025.pdf|PROGRAMME/SUBPROGRAMME|2024 BUDGET||2025 BUDGET||2026 BUDGET||
2026|41|53|2|Approved Budget 2026|https://www.mufuliracouncil.gov.zm/wp-content/uploads/2026/08/Mufulira-2026-OBB-Budget-17.12.2025.pdf||Approved|Expendit ure|Approved|Expendit ure*|Estimates||
2026|41|54|1|Approved Budget 2026|https://www.mufuliracouncil.gov.zm/wp-content/uploads/2026/08/Mufulira-2026-OBB-Budget-17.12.2025.pdf|Programme Total|(0)|(0)|520,00|0|(0)|5125,1020,0000|
2026|42|55|1|Approved Budget 2026|https://www.mufuliracouncil.gov.zm/wp-content/uploads/2026/08/Mufulira-2026-OBB-Budget-17.12.2025.pdf|Key Output and Output Indicator|2024||2025||2026||
2026|42|55|2|Approved Budget 2026|https://www.mufuliracouncil.gov.zm/wp-content/uploads/2026/08/Mufulira-2026-OBB-Budget-17.12.2025.pdf||Target|Actual|Target|Actual*|Target||
2026|42|55|3|Approved Budget 2026|https://www.mufuliracouncil.gov.zm/wp-content/uploads/2026/08/Mufulira-2026-OBB-Budget-17.12.2025.pdf|Farmers In Smart Agricultural Practices Trained 01 Number of farmers trained 02 Number of demonstrations conducted (Farmer field Schools) 03 Number of farmers attended field demonstrations 04 Number of field days conducted 05 Number of farmers attended field days|(0) (0) (0) (0) (0)|(0) (0) (0) (0) (0)|3,468 68 3,400 17 1,700|2,901 48 2,510 12 1,304|3,400 70 3,400 20 1,730||
2026|42|55|4|Approved Budget 2026|https://www.mufuliracouncil.gov.zm/wp-content/uploads/2026/08/Mufulira-2026-OBB-Budget-17.12.2025.pdf|Land Under Irrigation Increased 01 Number of irrigation weirs rehabilitated 02 Number of farmers engaged in irrigated crop production|(0) (0)|(0) (0)|1 1,000|- 860|1 2,000||
2026|42|55|5|Approved Budget 2026|https://www.mufuliracouncil.gov.zm/wp-content/uploads/2026/08/Mufulira-2026-OBB-Budget-17.12.2025.pdf|Farmer Trainings In Land Management Conducted 01 Number of farmers trained in land management 02 Number of farms inspected in land management|(0) (0)|(0) (0)|1,700 200|1,230 215|1,700 200||
2026|42|55|6|Approved Budget 2026|https://www.mufuliracouncil.gov.zm/wp-content/uploads/2026/08/Mufulira-2026-OBB-Budget-17.12.2025.pdf|Increased Usage of Agricultural Mechanization 01 Number of farmers using mechanized farming 02 Number of farm mechanization demonstrations conducted|(0) (0)|(0) (0)|3,000 4|1,425 3|3,000 4||
2026|42|55|7|Approved Budget 2026|https://www.mufuliracouncil.gov.zm/wp-content/uploads/2026/08/Mufulira-2026-OBB-Budget-17.12.2025.pdf|Food and Nutrition Promoted 01 Number of cooking demonstrations conducted 02 Number of food fairs conducted|(0) (0)|(0) (0)|4 4|3 3|4 4||
2026|42|55|8|Approved Budget 2026|https://www.mufuliracouncil.gov.zm/wp-content/uploads/2026/08/Mufulira-2026-OBB-Budget-17.12.2025.pdf|Agriculture Information Disseminated 01 Number of radio programs broadcasted|(0)|(0)|4|3|4||
2026|42|55|9|Approved Budget 2026|https://www.mufuliracouncil.gov.zm/wp-content/uploads/2026/08/Mufulira-2026-OBB-Budget-17.12.2025.pdf|Farmer Extension Service Delivered 01 Number of farmers visited for extension services 02 Number of demonstrations conducted 03 Number of extension officers trained 04 Number of camp houses rehabilitated|(0) (0) (0) (0)|(0) (0) (0) (0)|2,500 68 21 1|1,914 52 21 1|2,500 68 21 1||
2026|42|56|1|Approved Budget 2026|https://www.mufuliracouncil.gov.zm/wp-content/uploads/2026/08/Mufulira-2026-OBB-Budget-17.12.2025.pdf|Agricultural Marketing Database Created and Maintained 01 Number of market visits conducted 02 Number of market bulletins compiled|(0) (0)|(0) (0)|52 12|40 9|52 12||
2026|42|56|2|Approved Budget 2026|https://www.mufuliracouncil.gov.zm/wp-content/uploads/2026/08/Mufulira-2026-OBB-Budget-17.12.2025.pdf|Policies, Plans and Strategies Reviewed 01 Number of monitoring and evaluation reports produced 02 Number of Sector plans reviewed|(0) (0)|(0) (0)|4 1|3 1|4 1||
2026|42|56|3|Approved Budget 2026|https://www.mufuliracouncil.gov.zm/wp-content/uploads/2026/08/Mufulira-2026-OBB-Budget-17.12.2025.pdf|Harvest Surveys Conducted 01 Number of crop monitoring reports 02 Number of crop forecast results disseminated|(0) (0)|(0) (0)|6 1|4 1|6 1||
2026|43|57|1|Approved Budget 2026|https://www.mufuliracouncil.gov.zm/wp-content/uploads/2026/08/Mufulira-2026-OBB-Budget-17.12.2025.pdf|ECONOMIC CLASSIFICATION|2024 BUDGET|||2025 BUDGET||2026 BUDGET|
2026|43|57|2|Approved Budget 2026|https://www.mufuliracouncil.gov.zm/wp-content/uploads/2026/08/Mufulira-2026-OBB-Budget-17.12.2025.pdf||Approved|Expendit ure||Approved|Expendit ure*|Estimates|
2026|43|57|3|Approved Budget 2026|https://www.mufuliracouncil.gov.zm/wp-content/uploads/2026/08/Mufulira-2026-OBB-Budget-17.12.2025.pdf|02Use of Goods and Services 02General Operations|- -|- -||486,160|-|503,175 503,175|
2026|43|57|4|Approved Budget 2026|https://www.mufuliracouncil.gov.zm/wp-content/uploads/2026/08/Mufulira-2026-OBB-Budget-17.12.2025.pdf|||||486,160|-||
2026|43|57|5|Approved Budget 2026|https://www.mufuliracouncil.gov.zm/wp-content/uploads/2026/08/Mufulira-2026-OBB-Budget-17.12.2025.pdf|Programme Total|(0)|(0)||486,160|(0)|503,175|
2026|43|58|1|Approved Budget 2026|https://www.mufuliracouncil.gov.zm/wp-content/uploads/2026/08/Mufulira-2026-OBB-Budget-17.12.2025.pdf|PROGRAMME/SUBPROGRAMME|2024 BUDGET||2025 BUDGET||2026 BUDGET||
2026|43|58|2|Approved Budget 2026|https://www.mufuliracouncil.gov.zm/wp-content/uploads/2026/08/Mufulira-2026-OBB-Budget-17.12.2025.pdf||Approved|Expendit ure|Approved|Expendit ure*|Estimates||
2026|43|59|1|Approved Budget 2026|https://www.mufuliracouncil.gov.zm/wp-content/uploads/2026/08/Mufulira-2026-OBB-Budget-17.12.2025.pdf|Programme Total|(0)|(0)|486,16|0|(0)|5035,0137,5175|
2026|44|60|1|Approved Budget 2026|https://www.mufuliracouncil.gov.zm/wp-content/uploads/2026/08/Mufulira-2026-OBB-Budget-17.12.2025.pdf|Key Output and Output Indicator|2024||2025||2026||
2026|44|60|2|Approved Budget 2026|https://www.mufuliracouncil.gov.zm/wp-content/uploads/2026/08/Mufulira-2026-OBB-Budget-17.12.2025.pdf||Target|Actual|Target|Actual*|Target||
2026|44|60|3|Approved Budget 2026|https://www.mufuliracouncil.gov.zm/wp-content/uploads/2026/08/Mufulira-2026-OBB-Budget-17.12.2025.pdf|Fisheries and Livestock Technologies Disseminated 01 Number of radio programmes conducted 02 Number of TV programmes conducted 03 Number of shows participated|(0) (0) (0)|(0) (0) (0)|12 1 4|9 1 4|12 1 4||
2026|44|60|4|Approved Budget 2026|https://www.mufuliracouncil.gov.zm/wp-content/uploads/2026/08/Mufulira-2026-OBB-Budget-17.12.2025.pdf|Market Bulletins Produced and Disseminated 01 Number of fisheries and livestock bulletins produced and disseminated|(0)|(0)|12|9|12||
2026|44|60|5|Approved Budget 2026|https://www.mufuliracouncil.gov.zm/wp-content/uploads/2026/08/Mufulira-2026-OBB-Budget-17.12.2025.pdf|Livestock Trade Facilitated 01 Number of inspections of exit-entry points conducted|(0)|(0)|4|3|4||
2026|44|60|6|Approved Budget 2026|https://www.mufuliracouncil.gov.zm/wp-content/uploads/2026/08/Mufulira-2026-OBB-Budget-17.12.2025.pdf|Livestock Market Established At Mokambo Border Post 01 Number of stakeholder engagement meetings conducted 02 Number of site visits conducted 03 Number of market linkages established|(0) (0) (0)|(0) (0) (0)|4 4 1|3 3 1|4 4 1||
2026|44|60|7|Approved Budget 2026|https://www.mufuliracouncil.gov.zm/wp-content/uploads/2026/08/Mufulira-2026-OBB-Budget-17.12.2025.pdf|Veterinary Services Provided To Livestock Farmers 01 Number of farmers trained in livestock disease management 02 Number of camps visited in livestock disease management|(0) (0)|(0) (0)|30 6|23 6|30 6||
2026|44|60|8|Approved Budget 2026|https://www.mufuliracouncil.gov.zm/wp-content/uploads/2026/08/Mufulira-2026-OBB-Budget-17.12.2025.pdf|Disaese outbreaks controlled 01 Number of disease surveillance reports produced 02 Number of farms sampled during disease surveillance|(0) (0)|(0) (0)|15 15|15 15|15 15||
2026|44|60|9|Approved Budget 2026|https://www.mufuliracouncil.gov.zm/wp-content/uploads/2026/08/Mufulira-2026-OBB-Budget-17.12.2025.pdf|Fisheries Extension Services Provided 01 Number of fish farmers trained 02 Number of trainings conducted in fish farming|(0) (0)|(0) (0)|200 3|110 3|200 3||
2026|44|60|10|Approved Budget 2026|https://www.mufuliracouncil.gov.zm/wp-content/uploads/2026/08/Mufulira-2026-OBB-Budget-17.12.2025.pdf|Sustainable Fishery Developed 01 Number of patrols conducted 02 Number of co-management committee trainings held|(0) (0)|(0) (0)|15 5|12 3|15 5||
2026|44|60|11|Approved Budget 2026|https://www.mufuliracouncil.gov.zm/wp-content/uploads/2026/08/Mufulira-2026-OBB-Budget-17.12.2025.pdf|Extension Services To Livestock Farmers Provided 01 Number of farmers provided with extension services|(0)|(0)|3,060|3,961|3,060||
2026|44|60|12|Approved Budget 2026|https://www.mufuliracouncil.gov.zm/wp-content/uploads/2026/08/Mufulira-2026-OBB-Budget-17.12.2025.pdf|Livestock and Fisheries Policy Disseminated 01 Number of stakeholder meetings held 02 Number of sector review meetings conducted|(0) (0)|(0) (0)|3 1|3 1|3 1||
2026|44|60|13|Approved Budget 2026|https://www.mufuliracouncil.gov.zm/wp-content/uploads/2026/08/Mufulira-2026-OBB-Budget-17.12.2025.pdf|Monitoring and Evaluation Visits Conducted 01 Number of monitoring and evaluation reports produced|(0)|(0)|17|12|17||
2026|45|61|1|Approved Budget 2026|https://www.mufuliracouncil.gov.zm/wp-content/uploads/2026/08/Mufulira-2026-OBB-Budget-17.12.2025.pdf|ECONOMIC CLASSIFICATION|2024 BUDGET|||2025 BUDGET||2026 BUDGET|
2026|45|61|2|Approved Budget 2026|https://www.mufuliracouncil.gov.zm/wp-content/uploads/2026/08/Mufulira-2026-OBB-Budget-17.12.2025.pdf||Approved|Expendit ure||Approved|Expendit ure*|Estimates|
2026|45|61|3|Approved Budget 2026|https://www.mufuliracouncil.gov.zm/wp-content/uploads/2026/08/Mufulira-2026-OBB-Budget-17.12.2025.pdf|02Use of Goods and Services 02General Operations|- -|- -||14,271,287|-|6,889,739 6,889,739|
2026|45|61|4|Approved Budget 2026|https://www.mufuliracouncil.gov.zm/wp-content/uploads/2026/08/Mufulira-2026-OBB-Budget-17.12.2025.pdf|||||14,271,287|-||
2026|45|61|5|Approved Budget 2026|https://www.mufuliracouncil.gov.zm/wp-content/uploads/2026/08/Mufulira-2026-OBB-Budget-17.12.2025.pdf|Programme Total|-|(0)||14,271,287|(0)|6,889,739|
2026|45|62|1|Approved Budget 2026|https://www.mufuliracouncil.gov.zm/wp-content/uploads/2026/08/Mufulira-2026-OBB-Budget-17.12.2025.pdf|PROGRAMME/SUBPROGRAMME|2024 BUDGET||2025 BUDGET|||2026 BUDGET|
2026|45|62|2|Approved Budget 2026|https://www.mufuliracouncil.gov.zm/wp-content/uploads/2026/08/Mufulira-2026-OBB-Budget-17.12.2025.pdf||Approved|Expendit ure|Approved||Expendit ure*|Estimates|
2026|45|62|3|Approved Budget 2026|https://www.mufuliracouncil.gov.zm/wp-content/uploads/2026/08/Mufulira-2026-OBB-Budget-17.12.2025.pdf|18 Social Protection and Community Development 079District Social welfare 080Community Development|- - (0)|(0) (0)|14,271,287 14,266,116 5,171||(0) (0)|6,889,739 6,805,969 83,770|
2026|45|62|4|Approved Budget 2026|https://www.mufuliracouncil.gov.zm/wp-content/uploads/2026/08/Mufulira-2026-OBB-Budget-17.12.2025.pdf|Programme Total|-|(0)|14,271,28|7|(0)|6,68,8898,97,37939|
2026|46|63|1|Approved Budget 2026|https://www.mufuliracouncil.gov.zm/wp-content/uploads/2026/08/Mufulira-2026-OBB-Budget-17.12.2025.pdf|Key Output and Output Indicator|2024||2025||2026||
2026|46|63|2|Approved Budget 2026|https://www.mufuliracouncil.gov.zm/wp-content/uploads/2026/08/Mufulira-2026-OBB-Budget-17.12.2025.pdf||Target|Actual|Target|Actual*|Target||
2026|46|64|1|Approved Budget 2026|https://www.mufuliracouncil.gov.zm/wp-content/uploads/2026/08/Mufulira-2026-OBB-Budget-17.12.2025.pdf|Care of Older Persons Provided 01 Number of old persons supported placed at chibolya old people's home 02 Number of old persons supported from the community|(0) (0)|(0) (0)|50 40|28 32|20 40||
2026|46|64|2|Approved Budget 2026|https://www.mufuliracouncil.gov.zm/wp-content/uploads/2026/08/Mufulira-2026-OBB-Budget-17.12.2025.pdf|Cash for Work Initiative Implemented 01 Percentage of Cash for work funds disbursed|(0)|(0)|100|100|100||
2026|46|64|3|Approved Budget 2026|https://www.mufuliracouncil.gov.zm/wp-content/uploads/2026/08/Mufulira-2026-OBB-Budget-17.12.2025.pdf|Functional Adult Literacy Within The District Attained 01 Number of sensitization meetings on adult literacy conducted 02 Number of people trained in functional adult literacy 03 Adult literacy instructors trained|(0) (0) (0)|(0) (0) (0)|4 50 (0)|4 35 (0)|2 600 34||
2026|47|65|1|Approved Budget 2026|https://www.mufuliracouncil.gov.zm/wp-content/uploads/2026/08/Mufulira-2026-OBB-Budget-17.12.2025.pdf|Geographic Location|Key Outputs and Outputs Indicator|MTEF Output Target|||||
2026|47|65|2|Approved Budget 2026|https://www.mufuliracouncil.gov.zm/wp-content/uploads/2026/08/Mufulira-2026-OBB-Budget-17.12.2025.pdf|||2022|2023|2024|||
